num_nodes,num_edges,branching_factor,solution_depth,heuristic_available,density,best_algorithm
50,277,11.08,1,1,0.2261,HILL
18,43,4.778,9,0,0.281,DFS
12,12,2.0,2,0,0.1818,BFS
48,101,4.208,9,0,0.0895,DFS
44,472,21.455,4,1,0.4989,HILL
10,20,4.0,7,1,0.4444,ASTAR
23,217,18.87,6,0,0.8577,DFS
16,60,7.5,6,1,0.5,ASTAR
39,587,30.103,2,1,0.7922,ASTAR
28,348,24.857,10,1,0.9206,ASTAR
14,18,2.571,4,1,0.1978,HILL
24,244,20.333,2,1,0.8841,ASTAR
50,796,31.84,3,1,0.6498,ASTAR
27,62,4.593,10,0,0.1766,DFS
25,107,8.56,8,1,0.3567,ASTAR
50,1189,47.56,4,1,0.9706,ASTAR
13,41,6.308,1,1,0.5256,HILL
14,40,5.714,10,1,0.4396,ASTAR
41,445,21.707,8,0,0.5427,DFS
25,299,23.92,5,1,0.9967,ASTAR
35,404,23.086,4,0,0.679,BFS
15,20,2.667,2,0,0.1905,BFS
37,646,34.919,2,1,0.97,ASTAR
39,579,29.692,5,0,0.7814,DFS
17,103,12.118,9,1,0.7574,ASTAR
31,87,5.613,5,1,0.1871,ASTAR
10,26,5.2,9,0,0.5778,DFS
16,95,11.875,5,0,0.7917,DFS
44,840,38.182,9,0,0.8879,DFS
41,59,2.878,2,1,0.072,HILL
29,150,10.345,1,0,0.3695,BFS
15,24,3.2,8,0,0.2286,DFS
44,827,37.591,3,0,0.8742,BFS
45,213,9.467,5,1,0.2152,ASTAR
44,816,37.091,4,1,0.8626,ASTAR
33,256,15.515,9,1,0.4848,ASTAR
24,39,3.25,6,0,0.1413,BFS
24,173,14.417,4,0,0.6268,BFS
50,169,6.76,4,0,0.138,BFS
31,66,4.258,9,0,0.1419,DFS
41,259,12.634,9,0,0.3159,DFS
46,635,27.609,8,0,0.6135,DFS
36,229,12.722,2,0,0.3635,BFS
32,247,15.438,7,1,0.498,ASTAR
13,24,3.692,1,1,0.3077,HILL
16,46,5.75,4,0,0.3833,BFS
18,125,13.889,3,1,0.817,ASTAR
14,69,9.857,9,0,0.7582,DFS
44,899,40.864,1,0,0.9503,BFS
25,109,8.72,7,1,0.3633,ASTAR
35,94,5.371,3,1,0.158,HILL
34,304,17.882,8,1,0.5419,ASTAR
45,721,32.044,8,0,0.7283,DFS
23,36,3.13,10,0,0.1423,DFS
13,18,2.769,10,1,0.2308,DFS
43,203,9.442,1,0,0.2248,BFS
14,89,12.714,2,0,0.978,BFS
46,297,12.913,10,0,0.287,DFS
36,613,34.056,9,1,0.973,ASTAR
23,193,16.783,6,0,0.7628,DFS
29,262,18.069,6,0,0.6453,DFS
49,252,10.286,2,0,0.2143,BFS
18,106,11.778,2,0,0.6928,BFS
20,131,13.1,9,1,0.6895,ASTAR
43,50,2.326,9,1,0.0554,DFS
16,32,4.0,5,0,0.2667,BFS
45,203,9.022,5,1,0.2051,ASTAR
31,134,8.645,5,1,0.2882,ASTAR
13,23,3.538,7,1,0.2949,ASTAR
31,424,27.355,3,1,0.9118,ASTAR
38,601,31.632,7,0,0.8549,DFS
19,157,16.526,1,1,0.9181,ASTAR
19,128,13.474,3,0,0.7485,BFS
12,33,5.5,4,0,0.5,BFS
32,430,26.875,9,1,0.8669,ASTAR
19,78,8.211,3,0,0.4561,BFS
11,21,3.818,6,1,0.3818,ASTAR
25,160,12.8,3,0,0.5333,BFS
12,65,10.833,8,0,0.9848,DFS
39,396,20.308,5,0,0.5344,DFS
22,123,11.182,6,1,0.5325,ASTAR
27,205,15.185,9,1,0.584,ASTAR
44,382,17.364,1,0,0.4038,BFS
26,116,8.923,10,1,0.3569,ASTAR
48,936,39.0,6,1,0.8298,ASTAR
42,159,7.571,7,0,0.1847,DFS
37,37,2.0,9,0,0.0556,DFS
14,55,7.857,10,1,0.6044,ASTAR
17,108,12.706,5,1,0.7941,ASTAR
30,235,15.667,5,0,0.5402,HILL
21,177,16.857,10,1,0.8429,ASTAR
10,29,5.8,5,0,0.6444,ASTAR
39,490,25.128,8,0,0.6613,DFS
20,187,18.7,2,1,0.9842,ASTAR
50,735,29.4,2,0,0.6,BFS
24,229,19.083,4,0,0.8297,BFS
25,267,21.36,10,0,0.89,DFS
50,447,17.88,7,1,0.3649,ASTAR
19,19,2.0,2,1,0.1111,HILL
43,517,24.047,1,0,0.5725,BFS
17,74,8.706,3,1,0.5441,HILL
45,653,29.022,6,1,0.6596,ASTAR
42,477,22.714,9,1,0.554,ASTAR
40,499,24.95,5,0,0.6397,DFS
27,292,21.63,8,0,0.8319,DFS
14,49,7.0,4,1,0.5385,HILL
44,125,5.682,3,0,0.1321,BFS
19,72,7.579,2,1,0.4211,HILL
44,520,23.636,7,0,0.5497,DFS
36,433,24.056,10,0,0.6873,DFS
46,434,18.87,8,0,0.4193,DFS
29,227,15.655,7,0,0.5591,DFS
27,249,18.444,8,0,0.7094,DFS
35,203,11.6,8,0,0.3412,DFS
44,70,3.182,7,0,0.074,DFS
37,174,9.405,8,0,0.2613,DFS
34,368,21.647,4,1,0.656,ASTAR
34,317,18.647,7,1,0.5651,ASTAR
40,58,2.9,9,0,0.0744,DFS
32,145,9.062,2,0,0.2923,BFS
25,126,10.08,1,0,0.42,BFS
40,724,36.2,2,0,0.9282,BFS
26,213,16.385,3,0,0.6554,BFS
20,98,9.8,2,0,0.5158,BFS
46,738,32.087,7,1,0.713,ASTAR
22,40,3.636,10,0,0.1732,DFS
29,378,26.069,10,0,0.931,DFS
46,846,36.783,1,1,0.8174,ASTAR
33,67,4.061,9,1,0.1269,DFS
36,536,29.778,2,1,0.8508,ASTAR
50,990,39.6,3,1,0.8082,ASTAR
43,708,32.93,5,1,0.7841,ASTAR
47,595,25.319,6,0,0.5504,DFS
15,49,6.533,8,0,0.4667,DFS
46,669,29.087,7,1,0.6464,ASTAR
30,122,8.133,8,0,0.2805,DFS
26,199,15.308,5,1,0.6123,ASTAR
43,237,11.023,2,0,0.2625,BFS
41,608,29.659,4,1,0.7415,ASTAR
41,498,24.293,1,0,0.6073,BFS
35,283,16.171,5,1,0.4756,ASTAR
43,394,18.326,7,1,0.4363,ASTAR
39,315,16.154,5,1,0.4251,ASTAR
22,101,9.182,2,0,0.4372,BFS
40,322,16.1,10,1,0.4128,ASTAR
22,96,8.727,4,1,0.4156,HILL
10,44,8.8,3,1,0.9778,ASTAR
13,49,7.538,3,1,0.6282,ASTAR
10,28,5.6,8,1,0.6222,ASTAR
21,33,3.143,5,1,0.1571,ASTAR
14,64,9.143,8,0,0.7033,DFS
13,31,4.769,3,1,0.3974,HILL
25,84,6.72,9,1,0.28,DFS
49,510,20.816,9,1,0.4337,ASTAR
38,341,17.947,10,1,0.4851,ASTAR
49,171,6.98,10,0,0.1454,DFS
23,182,15.826,4,1,0.7194,ASTAR
20,80,8.0,3,0,0.4211,BFS
36,496,27.556,10,1,0.7873,ASTAR
24,96,8.0,5,1,0.3478,ASTAR
24,259,21.583,5,0,0.9384,DFS
44,273,12.409,3,1,0.2886,HILL
14,20,2.857,3,1,0.2198,HILL
46,988,42.957,5,1,0.9546,ASTAR
29,386,26.621,7,1,0.9507,ASTAR
41,488,23.805,2,0,0.5951,BFS
30,338,22.533,5,0,0.777,DFS
46,646,28.087,1,1,0.6242,ASTAR
21,140,13.333,9,1,0.6667,ASTAR
21,169,16.095,7,1,0.8048,ASTAR
40,395,19.75,7,1,0.5064,ASTAR
16,35,4.375,6,1,0.2917,ASTAR
28,366,26.143,7,0,0.9683,DFS
30,158,10.533,6,0,0.3632,HILL
42,42,2.0,9,1,0.0488,DFS
22,153,13.909,6,1,0.6623,ASTAR
13,38,5.846,5,0,0.4872,HILL
41,164,8.0,1,0,0.2,BFS
29,310,21.379,1,1,0.7635,ASTAR
17,75,8.824,2,0,0.5515,BFS
28,287,20.5,5,1,0.7593,ASTAR
40,288,14.4,8,0,0.3692,DFS
48,1087,45.292,3,0,0.9637,BFS
36,383,21.278,9,1,0.6079,ASTAR
28,179,12.786,10,1,0.4735,ASTAR
38,588,30.947,8,1,0.8364,ASTAR
44,429,19.5,8,1,0.4535,ASTAR
25,220,17.6,4,1,0.7333,ASTAR
40,761,38.05,7,1,0.9756,ASTAR
19,144,15.158,1,0,0.8421,BFS
47,725,30.851,2,1,0.6707,ASTAR
39,53,2.718,3,1,0.0715,HILL
19,37,3.895,8,1,0.2164,DFS
35,116,6.629,6,1,0.195,ASTAR
50,1048,41.92,9,0,0.8555,DFS
25,171,13.68,4,0,0.57,BFS
16,112,14.0,2,1,0.9333,ASTAR
29,42,2.897,1,1,0.1034,HILL
28,210,15.0,6,1,0.5556,ASTAR
43,463,21.535,10,0,0.5127,DFS
15,92,12.267,7,0,0.8762,DFS
47,339,14.426,4,1,0.3136,HILL
39,299,15.333,1,1,0.4035,HILL
44,204,9.273,2,1,0.2156,HILL
47,658,28.0,7,1,0.6087,ASTAR
29,129,8.897,7,1,0.3177,ASTAR
34,400,23.529,10,1,0.713,ASTAR
28,38,2.714,7,1,0.1005,ASTAR
13,75,11.538,5,0,0.9615,ASTAR
24,185,15.417,4,1,0.6703,ASTAR
18,41,4.556,1,1,0.268,HILL
12,48,8.0,6,0,0.7273,ASTAR
30,411,27.4,7,0,0.9448,DFS
44,940,42.727,6,1,0.9937,ASTAR
26,271,20.846,5,1,0.8338,ASTAR
39,115,5.897,3,0,0.1552,BFS
35,408,23.314,2,1,0.6857,ASTAR
44,169,7.682,8,1,0.1786,DFS
26,324,24.923,7,1,0.9969,ASTAR
24,143,11.917,1,1,0.5181,HILL
24,188,15.667,2,1,0.6812,ASTAR
29,360,24.828,7,0,0.8867,DFS
12,30,5.0,8,0,0.4545,DFS
44,181,8.227,7,1,0.1913,ASTAR
44,472,21.455,10,0,0.4989,DFS
16,77,9.625,10,1,0.6417,ASTAR
27,42,3.111,6,0,0.1197,BFS
25,209,16.72,2,1,0.6967,ASTAR
32,62,3.875,7,1,0.125,ASTAR
17,124,14.588,8,0,0.9118,DFS
50,92,3.68,1,1,0.0751,HILL
18,69,7.667,2,0,0.451,BFS
24,107,8.917,3,0,0.3877,BFS
19,51,5.368,9,1,0.2982,DFS
17,100,11.765,1,0,0.7353,BFS
25,189,15.12,1,0,0.63,BFS
18,124,13.778,9,0,0.8105,DFS
40,498,24.9,6,0,0.6385,DFS
24,265,22.083,10,0,0.9601,DFS
43,350,16.279,8,0,0.3876,DFS
40,450,22.5,7,0,0.5769,DFS
38,112,5.895,2,1,0.1593,HILL
14,29,4.143,5,1,0.3187,ASTAR
48,650,27.083,8,1,0.5762,ASTAR
17,125,14.706,9,0,0.9191,DFS
24,128,10.667,6,1,0.4638,ASTAR
16,55,6.875,7,1,0.4583,ASTAR
33,520,31.515,3,1,0.9848,ASTAR
15,25,3.333,7,0,0.2381,DFS
33,447,27.091,3,0,0.8466,BFS
45,619,27.511,6,0,0.6253,DFS
37,88,4.757,5,1,0.1321,ASTAR
46,564,24.522,4,0,0.5449,BFS
24,239,19.917,2,1,0.8659,ASTAR
33,90,5.455,5,0,0.1705,BFS
45,829,36.844,10,0,0.8374,DFS
27,40,2.963,3,1,0.114,HILL
29,201,13.862,6,0,0.4951,DFS
46,718,31.217,7,0,0.6937,DFS
50,111,4.44,2,0,0.0906,BFS
39,387,19.846,3,1,0.5223,HILL
30,426,28.4,10,0,0.9793,DFS
19,58,6.105,10,0,0.3392,DFS
27,252,18.667,7,1,0.7179,ASTAR
36,314,17.444,4,0,0.4984,BFS
17,52,6.118,10,1,0.3824,ASTAR
29,51,3.517,4,1,0.1256,HILL
13,12,1.846,4,1,0.1538,HILL
18,82,9.111,5,1,0.5359,ASTAR
41,804,39.22,7,0,0.9805,DFS
44,763,34.682,4,1,0.8066,ASTAR
12,38,6.333,1,1,0.5758,ASTAR
30,323,21.533,7,1,0.7425,ASTAR
36,331,18.389,2,1,0.5254,HILL
30,116,7.733,10,1,0.2667,DFS
33,77,4.667,7,0,0.1458,DFS
47,866,36.851,9,0,0.8011,DFS
29,201,13.862,4,1,0.4951,HILL
14,78,11.143,2,0,0.8571,BFS
32,210,13.125,3,0,0.4234,BFS
26,126,9.692,3,0,0.3877,BFS
14,35,5.0,8,1,0.3846,ASTAR
47,965,41.064,10,1,0.8927,ASTAR
50,696,27.84,3,1,0.5682,ASTAR
38,683,35.947,5,1,0.9716,ASTAR
32,290,18.125,2,1,0.5847,ASTAR
12,14,2.333,6,1,0.2121,ASTAR
15,92,12.267,10,1,0.8762,ASTAR
45,854,37.956,1,1,0.8626,ASTAR
46,712,30.957,4,1,0.6879,ASTAR
42,195,9.286,1,1,0.2265,HILL
31,395,25.484,2,0,0.8495,BFS
38,486,25.579,9,0,0.6913,DFS
28,225,16.071,7,1,0.5952,ASTAR
13,54,8.308,2,1,0.6923,ASTAR
34,323,19.0,5,0,0.5758,DFS
47,335,14.255,6,1,0.3099,ASTAR
35,166,9.486,10,0,0.279,DFS
34,369,21.706,3,0,0.6578,BFS
37,556,30.054,6,0,0.8348,DFS
21,74,7.048,6,1,0.3524,ASTAR
18,56,6.222,2,1,0.366,HILL
16,79,9.875,9,0,0.6583,DFS
49,316,12.898,10,1,0.2687,DFS
21,197,18.762,10,0,0.9381,DFS
12,37,6.167,6,0,0.5606,ASTAR
38,276,14.526,9,0,0.3926,DFS
40,237,11.85,6,1,0.3038,ASTAR
28,222,15.857,9,1,0.5873,ASTAR
22,226,20.545,10,0,0.9784,DFS
13,73,11.231,6,0,0.9359,BFS
28,69,4.929,3,1,0.1825,HILL
42,191,9.095,7,0,0.2218,DFS
24,232,19.333,8,1,0.8406,ASTAR
36,89,4.944,7,1,0.1413,ASTAR
15,61,8.133,4,0,0.581,BFS
16,106,13.25,6,0,0.8833,ASTAR
40,751,37.55,3,1,0.9628,ASTAR
10,15,3.0,1,1,0.3333,HILL
19,158,16.632,10,1,0.924,ASTAR
28,148,10.571,5,0,0.3915,HILL
50,985,39.4,2,0,0.8041,BFS
41,651,31.756,9,0,0.7939,DFS
46,292,12.696,3,1,0.2821,HILL
49,770,31.429,4,1,0.6548,ASTAR
15,81,10.8,6,0,0.7714,BFS
34,514,30.235,1,1,0.9162,ASTAR
26,33,2.538,6,0,0.1015,BFS
50,261,10.44,10,1,0.2131,DFS
32,310,19.375,6,0,0.625,DFS
39,528,27.077,3,0,0.7126,BFS
39,75,3.846,5,0,0.1012,BFS
22,31,2.818,6,1,0.1342,ASTAR
44,527,23.955,5,0,0.5571,DFS
22,94,8.545,6,0,0.4069,ASTAR
27,89,6.593,6,1,0.2536,ASTAR
38,432,22.737,6,0,0.6145,DFS
41,416,20.293,9,1,0.5073,ASTAR
37,116,6.27,7,0,0.1742,DFS
30,81,5.4,2,1,0.1862,HILL
29,256,17.655,10,1,0.6305,ASTAR
38,396,20.842,8,0,0.5633,DFS
32,345,21.562,7,1,0.6956,ASTAR
13,21,3.231,7,1,0.2692,ASTAR
20,26,2.6,3,1,0.1368,HILL
14,43,6.143,6,1,0.4725,ASTAR
46,78,3.391,10,0,0.0754,DFS
33,222,13.455,8,0,0.4205,DFS
43,417,19.395,7,1,0.4618,ASTAR
25,82,6.56,1,0,0.2733,BFS
34,153,9.0,5,1,0.2727,ASTAR
23,178,15.478,5,1,0.7036,ASTAR
18,35,3.889,8,0,0.2288,DFS
38,126,6.632,6,1,0.1792,ASTAR
45,599,26.622,5,1,0.6051,ASTAR
50,405,16.2,6,0,0.3306,DFS
18,77,8.556,8,0,0.5033,DFS
46,422,18.348,8,0,0.4077,DFS
15,22,2.933,5,1,0.2095,ASTAR
40,577,28.85,7,1,0.7397,ASTAR
14,29,4.143,6,0,0.3187,ASTAR
18,63,7.0,3,1,0.4118,HILL
13,27,4.154,9,0,0.3462,DFS
20,101,10.1,4,1,0.5316,HILL
43,332,15.442,2,1,0.3677,HILL
45,325,14.444,3,1,0.3283,HILL
15,78,10.4,3,0,0.7429,BFS
49,739,30.163,10,0,0.6284,DFS
11,15,2.727,1,1,0.2727,HILL
46,471,20.478,10,0,0.4551,DFS
50,1166,46.64,5,1,0.9518,ASTAR
35,338,19.314,8,0,0.5681,DFS
20,131,13.1,7,1,0.6895,ASTAR
31,340,21.935,3,1,0.7312,ASTAR
30,404,26.933,6,1,0.9287,ASTAR
33,295,17.879,9,0,0.5587,DFS
39,163,8.359,5,1,0.22,ASTAR
16,21,2.625,5,1,0.175,ASTAR
36,289,16.056,3,1,0.4587,HILL
30,126,8.4,3,1,0.2897,HILL
39,548,28.103,5,1,0.7395,ASTAR
35,551,31.486,8,0,0.9261,DFS
32,55,3.438,1,1,0.1109,HILL
40,331,16.55,9,0,0.4244,DFS
37,173,9.351,5,1,0.2598,ASTAR
33,55,3.333,7,0,0.1042,DFS
22,113,10.273,9,1,0.4892,ASTAR
42,502,23.905,9,1,0.583,ASTAR
49,291,11.878,3,0,0.2474,BFS
31,315,20.323,6,0,0.6774,DFS
42,452,21.524,9,0,0.525,DFS
18,102,11.333,8,1,0.6667,ASTAR
42,184,8.762,6,1,0.2137,ASTAR
49,660,26.939,10,1,0.5612,ASTAR
42,586,27.905,8,1,0.6806,ASTAR
11,33,6.0,6,0,0.6,ASTAR
50,103,4.12,10,1,0.0841,DFS
47,512,21.787,1,1,0.4736,HILL
50,827,33.08,3,0,0.6751,BFS
17,40,4.706,1,1,0.2941,HILL
19,123,12.947,4,1,0.7193,ASTAR
49,1013,41.347,1,0,0.8614,BFS
45,376,16.711,8,1,0.3798,ASTAR
21,137,13.048,9,1,0.6524,ASTAR
26,272,20.923,4,0,0.8369,BFS
29,143,9.862,5,1,0.3522,ASTAR
41,364,17.756,8,1,0.4439,ASTAR
27,173,12.815,2,1,0.4929,HILL
35,387,22.114,3,1,0.6504,ASTAR
15,58,7.733,8,1,0.5524,ASTAR
23,73,6.348,9,1,0.2885,DFS
27,96,7.111,2,0,0.2735,BFS
43,273,12.698,4,0,0.3023,BFS
31,397,25.613,8,0,0.8538,DFS
18,18,2.0,9,0,0.1176,DFS
40,527,26.35,4,1,0.6756,ASTAR
13,23,3.538,10,0,0.2949,DFS
12,22,3.667,7,0,0.3333,DFS
12,64,10.667,7,1,0.9697,ASTAR
28,46,3.286,1,1,0.1217,HILL
16,57,7.125,5,1,0.475,ASTAR
44,579,26.318,8,0,0.6121,DFS
39,317,16.256,4,0,0.4278,BFS
39,701,35.949,5,0,0.946,DFS
31,434,28.0,5,0,0.9333,DFS
50,879,35.16,7,1,0.7176,ASTAR
16,38,4.75,3,1,0.3167,HILL
25,27,2.16,5,1,0.09,ASTAR
27,194,14.37,5,0,0.5527,ASTAR
25,55,4.4,2,1,0.1833,HILL
35,548,31.314,5,0,0.921,DFS
28,215,15.357,10,0,0.5688,DFS
18,139,15.444,3,1,0.9085,ASTAR
48,812,33.833,7,1,0.7199,ASTAR
23,217,18.87,4,0,0.8577,BFS
43,762,35.442,6,0,0.8439,DFS
17,23,2.706,9,0,0.1691,DFS
19,60,6.316,6,1,0.3509,ASTAR
23,205,17.826,10,1,0.8103,ASTAR
42,497,23.667,1,1,0.5772,ASTAR
36,502,27.889,10,0,0.7968,DFS
29,398,27.448,1,1,0.9803,ASTAR
10,23,4.6,10,0,0.5111,DFS
32,389,24.312,2,0,0.7843,BFS
14,73,10.429,1,1,0.8022,ASTAR
18,124,13.778,6,1,0.8105,ASTAR
34,417,24.529,2,0,0.7433,BFS
32,91,5.688,3,1,0.1835,HILL
24,236,19.667,1,0,0.8551,BFS
39,727,37.282,9,1,0.9811,ASTAR
24,86,7.167,8,1,0.3116,DFS
22,206,18.727,2,0,0.8918,BFS
36,51,2.833,4,0,0.081,BFS
48,115,4.792,8,0,0.102,DFS
12,36,6.0,8,0,0.5455,DFS
13,29,4.462,9,1,0.3718,ASTAR
46,371,16.13,10,1,0.3585,ASTAR
19,151,15.895,4,1,0.883,ASTAR
13,34,5.231,7,1,0.4359,ASTAR
32,360,22.5,7,1,0.7258,ASTAR
36,187,10.389,5,1,0.2968,ASTAR
44,527,23.955,4,0,0.5571,BFS
19,136,14.316,1,1,0.7953,ASTAR
45,586,26.044,3,1,0.5919,ASTAR
23,106,9.217,2,1,0.419,HILL
15,82,10.933,4,0,0.781,BFS
48,127,5.292,2,0,0.1126,BFS
47,490,20.851,8,0,0.4533,DFS
31,185,11.935,1,0,0.3978,BFS
17,111,13.059,8,0,0.8162,DFS
23,123,10.696,4,1,0.4862,HILL
34,510,30.0,9,1,0.9091,ASTAR
33,294,17.818,8,1,0.5568,ASTAR
40,366,18.3,4,1,0.4692,HILL
12,47,7.833,4,0,0.7121,BFS
45,642,28.533,10,1,0.6485,ASTAR
22,105,9.545,4,1,0.4545,HILL
25,279,22.32,9,1,0.93,ASTAR
41,780,38.049,8,1,0.9512,ASTAR
32,117,7.312,3,1,0.2359,HILL
44,700,31.818,1,0,0.74,BFS
14,19,2.714,1,1,0.2088,HILL
50,522,20.88,2,0,0.4261,BFS
42,507,24.143,6,0,0.5889,DFS
49,1037,42.327,8,0,0.8818,DFS
45,465,20.667,1,0,0.4697,BFS
27,300,22.222,5,0,0.8547,DFS
37,219,11.838,2,0,0.3288,BFS
25,122,9.76,10,1,0.4067,ASTAR
27,229,16.963,2,1,0.6524,ASTAR
39,616,31.59,4,0,0.8313,BFS
15,97,12.933,1,0,0.9238,BFS
34,520,30.588,1,0,0.9269,BFS
15,77,10.267,7,1,0.7333,ASTAR
16,82,10.25,1,0,0.6833,BFS
46,531,23.087,5,0,0.513,DFS
27,304,22.519,10,0,0.8661,DFS
30,37,2.467,4,0,0.0851,BFS
35,112,6.4,5,0,0.1882,BFS
46,899,39.087,7,1,0.8686,ASTAR
18,37,4.111,9,1,0.2418,DFS
37,273,14.757,2,1,0.4099,HILL
49,860,35.102,6,0,0.7313,DFS
38,539,28.368,4,1,0.7667,ASTAR
34,475,27.941,3,1,0.8467,ASTAR
49,652,26.612,4,0,0.5544,BFS
19,115,12.105,3,1,0.6725,ASTAR
16,26,3.25,1,1,0.2167,HILL
27,78,5.778,3,0,0.2222,BFS
38,607,31.947,9,1,0.8634,ASTAR
15,59,7.867,9,0,0.5619,DFS
30,226,15.067,1,1,0.5195,HILL
15,85,11.333,4,0,0.8095,BFS
20,54,5.4,5,1,0.2842,ASTAR
19,34,3.579,3,1,0.1988,HILL
29,275,18.966,2,1,0.6773,ASTAR
25,277,22.16,10,0,0.9233,DFS
18,94,10.444,1,1,0.6144,ASTAR
49,826,33.714,6,1,0.7024,ASTAR
48,325,13.542,5,1,0.2881,ASTAR
22,143,13.0,6,0,0.619,ASTAR
28,351,25.071,8,0,0.9286,DFS
27,227,16.815,6,0,0.6467,DFS
47,414,17.617,9,0,0.383,DFS
39,252,12.923,8,1,0.3401,DFS
14,65,9.286,8,0,0.7143,DFS
25,153,12.24,3,1,0.51,HILL
14,70,10.0,10,1,0.7692,ASTAR
44,561,25.5,7,0,0.593,DFS
33,391,23.697,9,0,0.7405,DFS
25,205,16.4,3,0,0.6833,BFS
35,373,21.314,7,0,0.6269,DFS
26,138,10.615,9,0,0.4246,DFS
35,508,29.029,10,0,0.8538,DFS
11,40,7.273,2,1,0.7273,ASTAR
15,28,3.733,3,1,0.2667,HILL
39,249,12.769,9,1,0.336,DFS
16,71,8.875,8,1,0.5917,ASTAR
12,62,10.333,2,0,0.9394,BFS
16,101,12.625,3,0,0.8417,BFS
45,207,9.2,6,1,0.2091,ASTAR
24,227,18.917,7,0,0.8225,DFS
37,441,23.838,1,0,0.6622,BFS
37,434,23.459,1,0,0.6517,BFS
14,86,12.286,2,0,0.9451,BFS
22,138,12.545,2,1,0.5974,ASTAR
41,580,28.293,6,1,0.7073,ASTAR
47,279,11.872,6,1,0.2581,ASTAR
49,401,16.367,5,0,0.341,ASTAR
17,46,5.412,5,0,0.3382,DFS
42,438,20.857,7,0,0.5087,DFS
37,226,12.216,8,0,0.3393,DFS
41,335,16.341,3,0,0.4085,BFS
38,671,35.316,1,1,0.9545,ASTAR
41,179,8.732,4,1,0.2183,HILL
42,709,33.762,8,1,0.8235,ASTAR
36,489,27.167,8,0,0.7762,DFS
11,24,4.364,5,0,0.4364,ASTAR
20,136,13.6,10,1,0.7158,ASTAR
17,89,10.471,2,1,0.6544,ASTAR
33,309,18.727,1,1,0.5852,ASTAR
37,140,7.568,4,1,0.2102,HILL
12,39,6.5,5,1,0.5909,ASTAR
15,70,9.333,2,0,0.6667,BFS
47,764,32.511,10,1,0.7068,ASTAR
18,69,7.667,4,0,0.451,BFS
44,330,15.0,10,0,0.3488,DFS
28,175,12.5,10,1,0.463,ASTAR
42,736,35.048,2,0,0.8548,BFS
36,95,5.278,5,0,0.1508,BFS
18,80,8.889,3,1,0.5229,HILL
35,535,30.571,3,1,0.8992,ASTAR
34,495,29.118,2,0,0.8824,BFS
27,214,15.852,8,1,0.6097,ASTAR
10,15,3.0,8,1,0.3333,DFS
44,450,20.455,4,1,0.4757,HILL
41,314,15.317,6,1,0.3829,ASTAR
46,178,7.739,10,1,0.172,DFS
13,17,2.615,2,1,0.2179,HILL
20,131,13.1,8,0,0.6895,DFS
37,243,13.135,3,1,0.3649,HILL
27,73,5.407,6,1,0.208,ASTAR
20,32,3.2,7,1,0.1684,ASTAR
24,132,11.0,2,0,0.4783,BFS
40,118,5.9,3,0,0.1513,BFS
38,46,2.421,1,1,0.0654,HILL
37,171,9.243,8,0,0.2568,DFS
15,27,3.6,2,1,0.2571,HILL
29,98,6.759,7,0,0.2414,DFS
19,35,3.684,9,0,0.2047,DFS
20,131,13.1,6,0,0.6895,DFS
36,488,27.111,4,0,0.7746,BFS
18,48,5.333,10,1,0.3137,DFS
37,358,19.351,3,0,0.5375,BFS
15,45,6.0,9,1,0.4286,ASTAR
11,52,9.455,5,0,0.9455,DFS
35,336,19.2,1,0,0.5647,BFS
17,46,5.412,8,0,0.3382,DFS
10,33,6.6,6,0,0.7333,HILL
33,311,18.848,3,1,0.589,ASTAR
14,15,2.143,10,0,0.1648,DFS
23,32,2.783,1,1,0.1265,HILL
50,1075,43.0,7,1,0.8776,ASTAR
15,95,12.667,9,0,0.9048,DFS
29,68,4.69,9,0,0.1675,DFS
19,155,16.316,6,1,0.9064,ASTAR
14,52,7.429,7,0,0.5714,DFS
15,69,9.2,2,1,0.6571,ASTAR
13,51,7.846,3,0,0.6538,BFS
18,19,2.111,3,1,0.1242,HILL
43,571,26.558,5,0,0.6323,DFS
27,86,6.37,1,1,0.245,HILL
27,294,21.778,2,1,0.8376,ASTAR
46,687,29.87,2,1,0.6638,ASTAR
33,60,3.636,8,0,0.1136,DFS
26,77,5.923,10,0,0.2369,DFS
42,43,2.048,1,0,0.0499,BFS
40,411,20.55,7,0,0.5269,DFS
12,46,7.667,7,0,0.697,DFS
36,362,20.111,5,0,0.5746,DFS
17,80,9.412,1,0,0.5882,BFS
43,89,4.14,7,0,0.0986,DFS
28,186,13.286,6,0,0.4921,BFS
33,134,8.121,5,1,0.2538,ASTAR
25,261,20.88,6,1,0.87,ASTAR
22,208,18.909,9,0,0.9004,DFS
36,59,3.278,4,1,0.0937,HILL
10,31,6.2,1,1,0.6889,ASTAR
29,81,5.586,4,0,0.1995,BFS
13,30,4.615,5,0,0.3846,DFS
43,464,21.581,6,1,0.5138,ASTAR
15,88,11.733,2,0,0.8381,BFS
35,110,6.286,10,0,0.1849,DFS
18,77,8.556,5,1,0.5033,ASTAR
35,368,21.029,6,1,0.6185,ASTAR
14,38,5.429,3,0,0.4176,BFS
20,134,13.4,8,1,0.7053,ASTAR
44,409,18.591,4,1,0.4323,HILL
26,86,6.615,2,0,0.2646,BFS
29,388,26.759,10,0,0.9557,DFS
30,104,6.933,2,0,0.2391,BFS
35,559,31.943,1,1,0.9395,ASTAR
21,27,2.571,7,1,0.1286,ASTAR
45,299,13.289,2,1,0.302,HILL
18,48,5.333,1,0,0.3137,BFS
24,56,4.667,4,1,0.2029,HILL
50,221,8.84,10,1,0.1804,DFS
14,15,2.143,2,0,0.1648,BFS
38,168,8.842,2,1,0.239,HILL
39,89,4.564,3,1,0.1201,HILL
35,542,30.971,1,1,0.9109,ASTAR
21,110,10.476,4,0,0.5238,BFS
38,189,9.947,1,0,0.2688,BFS
41,461,22.488,9,1,0.5622,ASTAR
27,222,16.444,3,1,0.6325,ASTAR
43,297,13.814,9,0,0.3289,DFS
32,276,17.25,9,1,0.5565,ASTAR
46,559,24.304,6,1,0.5401,ASTAR
11,30,5.455,10,0,0.5455,DFS
27,55,4.074,8,1,0.1567,DFS
24,272,22.667,3,0,0.9855,BFS
25,160,12.8,9,0,0.5333,DFS
24,170,14.167,7,1,0.6159,ASTAR
21,65,6.19,4,1,0.3095,HILL
32,333,20.812,1,1,0.6714,ASTAR
46,190,8.261,10,0,0.1836,DFS
41,595,29.024,5,0,0.7256,DFS
15,21,2.8,4,0,0.2,BFS
40,39,1.95,6,0,0.05,BFS
31,397,25.613,3,1,0.8538,ASTAR
19,168,17.684,3,0,0.9825,BFS
33,523,31.697,2,1,0.9905,ASTAR
35,137,7.829,6,1,0.2303,ASTAR
20,130,13.0,8,1,0.6842,ASTAR
45,754,33.511,10,1,0.7616,ASTAR
47,405,17.234,7,1,0.3747,ASTAR
28,92,6.571,3,0,0.2434,BFS
46,445,19.348,10,0,0.43,DFS
30,342,22.8,4,0,0.7862,BFS
19,102,10.737,2,0,0.5965,BFS
30,114,7.6,2,1,0.2621,HILL
26,132,10.154,4,0,0.4062,BFS
16,107,13.375,1,0,0.8917,BFS
36,205,11.389,7,1,0.3254,ASTAR
32,310,19.375,7,0,0.625,DFS
46,711,30.913,4,0,0.687,BFS
12,29,4.833,1,1,0.4394,HILL
16,24,3.0,6,0,0.2,BFS
20,38,3.8,9,0,0.2,DFS
49,1036,42.286,1,1,0.881,ASTAR
20,174,17.4,7,0,0.9158,DFS
31,135,8.71,4,1,0.2903,HILL
44,314,14.273,5,1,0.3319,ASTAR
13,62,9.538,10,1,0.7949,ASTAR
33,33,2.0,7,0,0.0625,DFS
50,1032,41.28,4,0,0.8424,BFS
20,182,18.2,5,0,0.9579,DFS
17,55,6.471,7,1,0.4044,ASTAR
26,71,5.462,9,1,0.2185,DFS
34,411,24.176,3,1,0.7326,ASTAR
38,513,27.0,5,0,0.7297,DFS
46,108,4.696,3,0,0.1043,BFS
32,444,27.75,9,1,0.8952,ASTAR
47,511,21.745,9,0,0.4727,DFS
43,470,21.86,9,1,0.5205,ASTAR
25,267,21.36,5,0,0.89,DFS
12,43,7.167,10,0,0.6515,DFS
38,214,11.263,3,0,0.3044,BFS
18,27,3.0,7,0,0.1765,DFS
37,242,13.081,3,1,0.3634,HILL
14,24,3.429,7,1,0.2637,ASTAR
27,292,21.63,8,0,0.8319,DFS
49,1118,45.633,7,0,0.9507,DFS
19,163,17.158,10,0,0.9532,DFS
46,843,36.652,2,1,0.8145,ASTAR
32,480,30.0,7,1,0.9677,ASTAR
41,625,30.488,10,1,0.7622,ASTAR
27,232,17.185,3,1,0.661,ASTAR
31,383,24.71,4,0,0.8237,BFS
27,216,16.0,1,1,0.6154,ASTAR
29,187,12.897,5,1,0.4606,ASTAR
16,44,5.5,3,1,0.3667,HILL
38,365,19.211,5,1,0.5192,ASTAR
15,38,5.067,8,0,0.3619,DFS
36,531,29.5,9,1,0.8429,ASTAR
42,851,40.524,3,0,0.9884,BFS
42,454,21.619,3,0,0.5273,BFS
22,35,3.182,4,0,0.1515,BFS
33,392,23.758,4,1,0.7424,ASTAR
39,555,28.462,7,0,0.749,DFS
25,214,17.12,8,1,0.7133,ASTAR
40,639,31.95,9,1,0.8192,ASTAR
26,71,5.462,5,0,0.2185,BFS
20,165,16.5,4,0,0.8684,BFS
23,90,7.826,7,0,0.3557,DFS
10,40,8.0,3,0,0.8889,BFS
10,24,4.8,5,1,0.5333,ASTAR
27,242,17.926,7,1,0.6895,ASTAR
23,141,12.261,5,1,0.5573,ASTAR
10,42,8.4,6,1,0.9333,ASTAR
16,76,9.5,2,1,0.6333,ASTAR
50,714,28.56,5,1,0.5829,ASTAR
29,124,8.552,3,0,0.3054,BFS
48,874,36.417,6,0,0.7748,DFS
41,342,16.683,5,1,0.4171,ASTAR
12,48,8.0,10,0,0.7273,DFS
24,198,16.5,9,1,0.7174,ASTAR
32,290,18.125,5,0,0.5847,DFS
45,229,10.178,5,0,0.2313,BFS
26,311,23.923,3,1,0.9569,ASTAR
24,113,9.417,4,1,0.4094,HILL
31,220,14.194,5,1,0.4731,ASTAR
17,76,8.941,1,0,0.5588,BFS
22,149,13.545,2,1,0.645,ASTAR
36,90,5.0,3,0,0.1429,BFS
31,239,15.419,10,1,0.514,ASTAR
21,40,3.81,8,1,0.1905,DFS
21,100,9.524,1,0,0.4762,BFS
23,216,18.783,3,0,0.8538,BFS
15,30,4.0,10,1,0.2857,DFS
35,473,27.029,8,1,0.795,ASTAR
44,247,11.227,6,0,0.2611,BFS
43,237,11.023,1,0,0.2625,BFS
25,139,11.12,6,1,0.4633,ASTAR
34,548,32.235,10,1,0.9768,ASTAR
12,30,5.0,5,1,0.4545,ASTAR
48,1120,46.667,6,1,0.9929,ASTAR
18,104,11.556,8,1,0.6797,ASTAR
20,122,12.2,1,0,0.6421,BFS
18,71,7.889,1,0,0.4641,BFS
12,35,5.833,5,0,0.5303,BFS
16,98,12.25,1,0,0.8167,BFS
36,489,27.167,7,0,0.7762,DFS
40,757,37.85,3,0,0.9705,BFS
50,68,2.72,5,1,0.0555,ASTAR
43,318,14.791,10,0,0.3522,DFS
16,80,10.0,10,0,0.6667,DFS
16,78,9.75,4,0,0.65,BFS
43,248,11.535,6,1,0.2746,ASTAR
12,46,7.667,8,0,0.697,DFS
40,377,18.85,4,0,0.4833,BFS
15,28,3.733,10,1,0.2667,DFS
15,79,10.533,2,0,0.7524,BFS
24,139,11.583,5,1,0.5036,ASTAR
16,119,14.875,3,0,0.9917,BFS
33,442,26.788,6,1,0.8371,ASTAR
16,112,14.0,1,0,0.9333,BFS
20,103,10.3,6,1,0.5421,ASTAR
27,73,5.407,6,1,0.208,ASTAR
35,443,25.314,8,1,0.7445,ASTAR
40,470,23.5,3,0,0.6026,BFS
13,32,4.923,2,1,0.4103,HILL
40,621,31.05,8,0,0.7962,DFS
32,344,21.5,1,0,0.6935,BFS
41,155,7.561,7,1,0.189,ASTAR
26,185,14.231,1,0,0.5692,BFS
31,295,19.032,9,0,0.6344,DFS
25,270,21.6,6,1,0.9,ASTAR
45,957,42.533,10,0,0.9667,DFS
20,148,14.8,8,1,0.7789,ASTAR
14,75,10.714,6,0,0.8242,ASTAR
13,76,11.692,4,1,0.9744,ASTAR
25,64,5.12,8,1,0.2133,DFS
38,127,6.684,8,1,0.1807,DFS
41,803,39.171,1,0,0.9793,BFS
12,46,7.667,9,0,0.697,DFS
48,670,27.917,9,0,0.594,DFS
39,387,19.846,6,0,0.5223,DFS
39,377,19.333,9,1,0.5088,ASTAR
33,398,24.121,8,0,0.7538,DFS
24,23,1.917,6,1,0.0833,ASTAR
28,307,21.929,9,1,0.8122,ASTAR
12,21,3.5,8,0,0.3182,DFS
36,144,8.0,5,0,0.2286,BFS
35,254,14.514,8,0,0.4269,DFS
16,111,13.875,7,0,0.925,DFS
47,298,12.681,8,1,0.2757,DFS
42,178,8.476,8,0,0.2067,DFS
13,67,10.308,10,1,0.859,ASTAR
21,197,18.762,10,0,0.9381,DFS
18,43,4.778,7,1,0.281,ASTAR
34,461,27.118,10,0,0.8217,DFS
31,180,11.613,8,0,0.3871,DFS
48,1096,45.667,5,1,0.9716,ASTAR
45,691,30.711,4,0,0.698,BFS
28,378,27.0,6,0,1.0,DFS
21,148,14.095,9,1,0.7048,ASTAR
32,318,19.875,8,1,0.6411,ASTAR
44,335,15.227,7,0,0.3541,DFS
11,34,6.182,3,0,0.6182,BFS
22,89,8.091,3,1,0.3853,HILL
19,33,3.474,5,0,0.193,BFS
12,33,5.5,8,0,0.5,DFS
45,929,41.289,4,1,0.9384,ASTAR
28,367,26.214,1,1,0.9709,ASTAR
30,311,20.733,1,0,0.7149,BFS
22,179,16.273,8,0,0.7749,DFS
33,418,25.333,10,0,0.7917,DFS
22,96,8.727,8,0,0.4156,DFS
14,36,5.143,3,0,0.3956,BFS
37,321,17.351,9,1,0.482,ASTAR
47,568,24.17,1,1,0.5254,HILL
19,28,2.947,3,1,0.1637,HILL
50,665,26.6,8,1,0.5429,ASTAR
30,298,19.867,4,0,0.6851,BFS
42,204,9.714,7,1,0.2369,ASTAR
24,249,20.75,4,1,0.9022,ASTAR
28,138,9.857,10,1,0.3651,ASTAR
10,17,3.4,6,1,0.3778,ASTAR
49,547,22.327,1,1,0.4651,HILL
17,65,7.647,5,1,0.4779,ASTAR
43,883,41.07,6,1,0.9779,ASTAR
28,360,25.714,4,1,0.9524,ASTAR
16,36,4.5,9,0,0.3,DFS
23,193,16.783,4,1,0.7628,ASTAR
23,159,13.826,7,0,0.6285,DFS
19,24,2.526,8,1,0.1404,DFS
14,19,2.714,3,1,0.2088,HILL
46,886,38.522,4,1,0.856,ASTAR
38,682,35.895,7,1,0.9701,ASTAR
34,154,9.059,9,0,0.2745,DFS
49,177,7.224,10,0,0.1505,DFS
14,58,8.286,9,0,0.6374,DFS
29,338,23.31,2,1,0.8325,ASTAR
38,427,22.474,7,0,0.6074,DFS
44,268,12.182,3,1,0.2833,HILL
44,345,15.682,3,1,0.3647,HILL
33,522,31.636,1,0,0.9886,BFS
10,35,7.0,9,0,0.7778,DFS
32,139,8.688,7,0,0.2802,DFS
24,180,15.0,5,0,0.6522,BFS
45,516,22.933,9,0,0.5212,DFS
14,45,6.429,2,0,0.4945,BFS
41,378,18.439,6,0,0.461,DFS
25,75,6.0,5,0,0.25,BFS
30,277,18.467,8,1,0.6368,ASTAR
29,383,26.414,10,0,0.9433,DFS
33,445,26.97,6,1,0.8428,ASTAR
30,155,10.333,4,1,0.3563,HILL
33,100,6.061,6,1,0.1894,ASTAR
32,427,26.688,5,1,0.8609,ASTAR
21,185,17.619,10,0,0.881,DFS
18,67,7.444,5,0,0.4379,BFS
42,687,32.714,1,1,0.7979,ASTAR
23,31,2.696,9,1,0.1225,DFS
44,526,23.909,3,1,0.556,ASTAR
47,641,27.277,3,1,0.593,ASTAR
15,64,8.533,6,0,0.6095,DFS
42,184,8.762,8,0,0.2137,DFS
46,720,31.304,3,1,0.6957,ASTAR
12,25,4.167,8,0,0.3788,DFS
33,151,9.152,1,0,0.286,BFS
33,230,13.939,8,1,0.4356,ASTAR
12,52,8.667,6,0,0.7879,ASTAR
26,321,24.692,9,0,0.9877,DFS
34,407,23.941,10,0,0.7255,DFS
34,261,15.353,9,1,0.4652,ASTAR
32,280,17.5,8,0,0.5645,DFS
18,129,14.333,3,0,0.8431,BFS
27,134,9.926,3,0,0.3818,BFS
48,289,12.042,4,1,0.2562,HILL
17,77,9.059,8,1,0.5662,ASTAR
20,184,18.4,7,0,0.9684,DFS
18,58,6.444,3,0,0.3791,BFS
19,32,3.368,3,1,0.1871,HILL
43,457,21.256,10,0,0.5061,DFS
28,70,5.0,4,1,0.1852,HILL
40,532,26.6,3,0,0.6821,BFS
48,339,14.125,10,0,0.3005,DFS
42,311,14.81,3,1,0.3612,HILL
48,187,7.792,4,1,0.1658,HILL
16,17,2.125,4,1,0.1417,HILL
48,244,10.167,3,1,0.2163,HILL
48,126,5.25,9,0,0.1117,DFS
18,17,1.889,7,1,0.1111,ASTAR
12,55,9.167,9,1,0.8333,ASTAR
40,429,21.45,6,0,0.55,DFS
26,269,20.692,4,0,0.8277,BFS
44,461,20.955,5,0,0.4873,DFS
10,43,8.6,2,0,0.9556,BFS
23,198,17.217,6,1,0.7826,ASTAR
19,127,13.368,10,1,0.7427,ASTAR
44,476,21.636,10,1,0.5032,ASTAR
35,242,13.829,7,1,0.4067,ASTAR
45,612,27.2,8,1,0.6182,ASTAR
46,397,17.261,7,0,0.3836,DFS
17,111,13.059,4,1,0.8162,ASTAR
20,44,4.4,4,1,0.2316,HILL
45,672,29.867,1,0,0.6788,BFS
50,59,2.36,2,0,0.0482,BFS
48,938,39.083,2,0,0.8316,BFS
33,72,4.364,10,0,0.1364,DFS
35,567,32.4,5,0,0.9529,DFS
21,183,17.429,8,1,0.8714,ASTAR
43,334,15.535,4,0,0.3699,BFS
42,569,27.095,4,0,0.6609,BFS
33,154,9.333,1,0,0.2917,BFS
27,230,17.037,6,1,0.6553,ASTAR
22,153,13.909,1,0,0.6623,BFS
45,335,14.889,9,1,0.3384,DFS
27,141,10.444,10,0,0.4017,DFS
35,38,2.171,5,0,0.0639,BFS
16,86,10.75,2,1,0.7167,ASTAR
17,118,13.882,9,1,0.8676,ASTAR
46,301,13.087,8,1,0.2908,DFS
25,197,15.76,8,1,0.6567,ASTAR
11,40,7.273,2,1,0.7273,ASTAR
50,500,20.0,4,1,0.4082,HILL
32,295,18.438,9,0,0.5948,DFS
26,152,11.692,5,0,0.4677,ASTAR
14,83,11.857,3,1,0.9121,ASTAR
23,250,21.739,10,1,0.9881,ASTAR
22,148,13.455,4,0,0.6407,BFS
26,130,10.0,4,0,0.4,BFS
49,777,31.714,3,0,0.6607,BFS
15,100,13.333,8,0,0.9524,DFS
44,86,3.909,8,1,0.0909,DFS
41,628,30.634,5,1,0.7659,ASTAR
42,327,15.571,7,0,0.3798,DFS
18,30,3.333,9,1,0.1961,DFS
44,76,3.455,9,1,0.0803,DFS
21,137,13.048,2,1,0.6524,ASTAR
10,10,2.0,4,1,0.2222,HILL
30,214,14.267,10,1,0.492,ASTAR
26,146,11.231,5,1,0.4492,ASTAR
31,217,14.0,3,1,0.4667,HILL
36,416,23.111,6,1,0.6603,ASTAR
21,166,15.81,3,0,0.7905,BFS
27,146,10.815,9,1,0.416,ASTAR
22,58,5.273,3,1,0.2511,HILL
21,127,12.095,8,0,0.6048,DFS
50,1107,44.28,9,1,0.9037,ASTAR
29,156,10.759,9,0,0.3842,DFS
20,34,3.4,4,1,0.1789,HILL
50,246,9.84,8,1,0.2008,DFS
33,318,19.273,9,1,0.6023,ASTAR
36,159,8.833,6,0,0.2524,BFS
44,221,10.045,5,1,0.2336,ASTAR
42,540,25.714,8,0,0.6272,DFS
28,264,18.857,3,0,0.6984,BFS
31,245,15.806,10,1,0.5269,ASTAR
14,23,3.286,3,1,0.2527,HILL
30,363,24.2,5,1,0.8345,ASTAR
35,311,17.771,8,1,0.5227,ASTAR
43,503,23.395,7,0,0.557,DFS
11,18,3.273,4,1,0.3273,HILL
15,40,5.333,3,1,0.381,HILL
14,73,10.429,9,0,0.8022,DFS
35,570,32.571,2,0,0.958,BFS
19,39,4.105,7,1,0.2281,ASTAR
28,253,18.071,3,0,0.6693,BFS
20,26,2.6,1,1,0.1368,HILL
30,272,18.133,8,1,0.6253,ASTAR
18,62,6.889,10,1,0.4052,ASTAR
50,1204,48.16,7,1,0.9829,ASTAR
40,591,29.55,4,0,0.7577,BFS
33,243,14.727,5,0,0.4602,BFS
43,876,40.744,3,1,0.9701,ASTAR
44,51,2.318,8,1,0.0539,DFS
37,335,18.108,10,0,0.503,DFS
45,426,18.933,4,1,0.4303,HILL
37,440,23.784,4,0,0.6607,BFS
34,420,24.706,4,1,0.7487,ASTAR
50,539,21.56,9,1,0.44,ASTAR
44,871,39.591,5,1,0.9207,ASTAR
14,36,5.143,3,1,0.3956,HILL
39,670,34.359,8,1,0.9042,ASTAR
41,232,11.317,6,0,0.2829,BFS
44,65,2.955,3,0,0.0687,BFS
18,129,14.333,1,0,0.8431,BFS
10,41,8.2,4,1,0.9111,ASTAR
41,420,20.488,8,0,0.5122,DFS
19,32,3.368,5,1,0.1871,ASTAR
40,224,11.2,4,1,0.2872,HILL
10,17,3.4,4,1,0.3778,HILL
38,290,15.263,1,0,0.4125,BFS
16,81,10.125,4,1,0.675,ASTAR
29,193,13.31,3,0,0.4754,BFS
45,577,25.644,2,1,0.5828,ASTAR
29,129,8.897,6,0,0.3177,DFS
17,46,5.412,7,1,0.3382,ASTAR
27,325,24.074,2,1,0.9259,ASTAR
10,12,2.4,10,1,0.2667,DFS
19,113,11.895,2,0,0.6608,BFS
15,101,13.467,10,1,0.9619,ASTAR
50,171,6.84,1,1,0.1396,HILL
44,853,38.773,2,0,0.9017,BFS
30,314,20.933,6,1,0.7218,ASTAR
11,54,9.818,7,1,0.9818,ASTAR
26,45,3.462,8,1,0.1385,DFS
44,756,34.364,8,0,0.7992,DFS
44,399,18.136,6,1,0.4218,ASTAR
48,375,15.625,2,0,0.3324,BFS
26,302,23.231,6,1,0.9292,ASTAR
50,1085,43.4,7,0,0.8857,DFS
49,793,32.367,10,0,0.6743,DFS
14,81,11.571,7,0,0.8901,DFS
41,604,29.463,3,1,0.7366,ASTAR
30,85,5.667,2,0,0.1954,BFS
18,62,6.889,1,0,0.4052,BFS
22,46,4.182,1,1,0.1991,HILL
43,680,31.628,10,1,0.753,ASTAR
24,178,14.833,2,0,0.6449,BFS
23,189,16.435,8,0,0.747,DFS
50,173,6.92,6,1,0.1412,ASTAR
13,46,7.077,9,0,0.5897,DFS
29,67,4.621,4,0,0.165,BFS
24,159,13.25,7,0,0.5761,DFS
25,115,9.2,9,1,0.3833,ASTAR
50,782,31.28,8,1,0.6384,ASTAR
20,65,6.5,9,1,0.3421,DFS
20,155,15.5,10,1,0.8158,ASTAR
30,310,20.667,6,1,0.7126,ASTAR
50,930,37.2,6,0,0.7592,DFS
23,118,10.261,9,1,0.4664,ASTAR
38,495,26.053,7,0,0.7041,DFS
28,332,23.714,1,0,0.8783,BFS
29,31,2.138,5,0,0.0764,BFS
30,40,2.667,5,0,0.092,BFS
39,402,20.615,3,0,0.5425,BFS
47,557,23.702,4,1,0.5153,HILL
15,87,11.6,7,0,0.8286,DFS
30,434,28.933,8,0,0.9977,DFS
46,884,38.435,2,1,0.8541,ASTAR
46,435,18.913,2,0,0.4203,BFS
31,208,13.419,7,1,0.4473,ASTAR
17,127,14.941,4,0,0.9338,BFS
50,832,33.28,1,1,0.6792,ASTAR
30,305,20.333,10,0,0.7011,DFS
24,62,5.167,1,1,0.2246,HILL
48,1080,45.0,2,0,0.9574,BFS
35,185,10.571,3,1,0.3109,HILL
46,808,35.13,1,1,0.7807,ASTAR
35,547,31.257,7,0,0.9193,DFS
40,611,30.55,4,1,0.7833,ASTAR
46,245,10.652,9,0,0.2367,DFS
27,246,18.222,6,0,0.7009,DFS
36,468,26.0,6,1,0.7429,ASTAR
32,335,20.938,1,1,0.6754,ASTAR
32,346,21.625,8,0,0.6976,DFS
24,74,6.167,6,0,0.2681,BFS
15,28,3.733,1,0,0.2667,BFS
19,91,9.579,1,1,0.5322,HILL
17,55,6.471,8,1,0.4044,ASTAR
23,211,18.348,9,0,0.834,DFS
43,810,37.674,5,1,0.897,ASTAR
19,22,2.316,7,0,0.1287,DFS
13,48,7.385,4,1,0.6154,ASTAR
10,14,2.8,7,1,0.3111,ASTAR
33,474,28.727,2,0,0.8977,BFS
34,269,15.824,7,0,0.4795,DFS
41,651,31.756,9,0,0.7939,DFS
42,509,24.238,9,0,0.5912,DFS
43,354,16.465,6,1,0.392,ASTAR
20,23,2.3,6,1,0.1211,ASTAR
29,148,10.207,9,1,0.3645,ASTAR
50,576,23.04,7,0,0.4702,DFS
27,141,10.444,3,1,0.4017,HILL
18,39,4.333,7,0,0.2549,DFS
46,201,8.739,7,1,0.1942,ASTAR
31,259,16.71,9,0,0.557,DFS
18,68,7.556,3,1,0.4444,HILL
43,180,8.372,7,0,0.1993,DFS
46,984,42.783,3,1,0.9507,ASTAR
44,779,35.409,2,0,0.8235,BFS
19,25,2.632,6,1,0.1462,ASTAR
29,254,17.517,5,0,0.6256,BFS
18,64,7.111,1,1,0.4183,HILL
49,520,21.224,10,0,0.4422,DFS
11,32,5.818,2,1,0.5818,ASTAR
48,1007,41.958,6,0,0.8927,DFS
41,525,25.61,3,0,0.6402,BFS
12,37,6.167,1,1,0.5606,ASTAR
24,213,17.75,4,0,0.7717,BFS
38,668,35.158,8,1,0.9502,ASTAR
25,242,19.36,7,0,0.8067,DFS
34,353,20.765,7,0,0.6292,DFS
38,504,26.526,1,0,0.7169,BFS
35,74,4.229,9,1,0.1244,DFS
50,149,5.96,4,1,0.1216,HILL
29,174,12.0,8,0,0.4286,DFS
49,159,6.49,9,0,0.1352,DFS
38,129,6.789,9,0,0.1835,DFS
47,323,13.745,7,1,0.2988,ASTAR
11,21,3.818,8,0,0.3818,DFS
15,46,6.133,6,0,0.4381,BFS
15,28,3.733,8,1,0.2667,DFS
34,556,32.706,10,0,0.9911,DFS
34,77,4.529,3,1,0.1373,HILL
19,59,6.211,3,0,0.345,BFS
13,65,10.0,5,1,0.8333,ASTAR
38,332,17.474,3,0,0.4723,BFS
22,21,1.909,10,1,0.0909,DFS
41,550,26.829,9,0,0.6707,DFS
41,283,13.805,4,1,0.3451,HILL
38,118,6.211,10,0,0.1679,DFS
45,328,14.578,10,0,0.3313,DFS
19,32,3.368,6,0,0.1871,BFS
12,53,8.833,10,1,0.803,ASTAR
15,20,2.667,2,1,0.1905,HILL
20,91,9.1,10,0,0.4789,DFS
47,783,33.319,1,0,0.7243,BFS
30,217,14.467,7,0,0.4989,DFS
45,110,4.889,5,1,0.1111,ASTAR
27,194,14.37,9,1,0.5527,ASTAR
23,178,15.478,1,0,0.7036,BFS
50,1132,45.28,2,1,0.9241,ASTAR
48,635,26.458,7,1,0.5629,ASTAR
46,683,29.696,6,0,0.6599,DFS
41,572,27.902,8,1,0.6976,ASTAR
49,524,21.388,5,0,0.4456,DFS
11,39,7.091,2,0,0.7091,BFS
36,458,25.444,1,1,0.727,ASTAR
50,483,19.32,1,0,0.3943,BFS
26,59,4.538,5,1,0.1815,ASTAR
30,421,28.067,1,0,0.9678,BFS
31,232,14.968,10,0,0.4989,DFS
22,105,9.545,6,1,0.4545,ASTAR
12,52,8.667,3,1,0.7879,ASTAR
39,587,30.103,6,1,0.7922,ASTAR
36,92,5.111,9,1,0.146,DFS
30,313,20.867,9,0,0.7195,DFS
31,439,28.323,6,0,0.9441,DFS
27,41,3.037,6,1,0.1168,ASTAR
20,165,16.5,10,1,0.8684,ASTAR
17,126,14.824,5,1,0.9265,ASTAR
27,237,17.556,2,1,0.6752,ASTAR
33,263,15.939,5,0,0.4981,DFS
17,63,7.412,1,0,0.4632,BFS
38,555,29.211,1,1,0.7895,ASTAR
19,66,6.947,6,1,0.386,ASTAR
43,359,16.698,6,0,0.3976,BFS
43,734,34.14,3,0,0.8128,BFS
39,434,22.256,9,0,0.5857,DFS
12,54,9.0,10,0,0.8182,DFS
12,17,2.833,9,1,0.2576,DFS
29,355,24.483,4,1,0.8744,ASTAR
28,168,12.0,9,1,0.4444,ASTAR
17,50,5.882,3,0,0.3676,BFS
10,45,9.0,9,0,1.0,DFS
32,312,19.5,6,1,0.629,ASTAR
28,320,22.857,4,0,0.8466,BFS
49,741,30.245,9,1,0.6301,ASTAR
11,40,7.273,1,0,0.7273,BFS
15,68,9.067,7,0,0.6476,DFS
47,959,40.809,10,1,0.8871,ASTAR
22,203,18.455,9,0,0.8788,DFS
39,619,31.744,3,0,0.8354,BFS
39,137,7.026,8,1,0.1849,DFS
39,519,26.615,4,0,0.7004,BFS
49,576,23.51,6,1,0.4898,ASTAR
31,433,27.935,6,1,0.9312,ASTAR
14,73,10.429,2,1,0.8022,ASTAR
20,91,9.1,6,0,0.4789,HILL
16,56,7.0,9,0,0.4667,DFS
44,515,23.409,7,1,0.5444,ASTAR
25,105,8.4,8,1,0.35,ASTAR
23,230,20.0,10,1,0.9091,ASTAR
37,616,33.297,6,0,0.9249,DFS
14,86,12.286,8,0,0.9451,DFS
39,371,19.026,9,0,0.5007,DFS
21,98,9.333,7,0,0.4667,DFS
48,823,34.292,6,1,0.7296,ASTAR
13,23,3.538,4,0,0.2949,BFS
50,49,1.96,3,0,0.04,BFS
28,226,16.143,10,1,0.5979,ASTAR
30,182,12.133,10,1,0.4184,ASTAR
37,388,20.973,2,0,0.5826,BFS
42,454,21.619,3,1,0.5273,HILL
45,98,4.356,1,1,0.099,HILL
28,42,3.0,4,1,0.1111,HILL
35,359,20.514,7,1,0.6034,ASTAR
44,259,11.773,3,1,0.2738,HILL
45,437,19.422,6,1,0.4414,ASTAR
18,51,5.667,1,0,0.3333,BFS
19,142,14.947,7,0,0.8304,DFS
36,501,27.833,10,1,0.7952,ASTAR
39,559,28.667,7,1,0.7544,ASTAR
24,70,5.833,7,0,0.2536,DFS
25,280,22.4,5,1,0.9333,ASTAR
46,420,18.261,1,0,0.4058,BFS
33,89,5.394,10,1,0.1686,DFS
15,32,4.267,9,1,0.3048,DFS
15,80,10.667,10,0,0.7619,DFS
50,208,8.32,9,1,0.1698,DFS
31,303,19.548,1,1,0.6516,ASTAR
40,626,31.3,6,1,0.8026,ASTAR
28,175,12.5,3,0,0.463,BFS
48,669,27.875,10,1,0.5931,ASTAR
40,631,31.55,3,0,0.809,BFS
28,346,24.714,1,1,0.9153,ASTAR
18,146,16.222,2,1,0.9542,ASTAR
49,623,25.429,5,1,0.5298,ASTAR
17,93,10.941,3,0,0.6838,BFS
33,445,26.97,3,1,0.8428,ASTAR
25,272,21.76,3,0,0.9067,BFS
15,32,4.267,10,0,0.3048,DFS
36,427,23.722,4,1,0.6778,ASTAR
20,72,7.2,10,1,0.3789,ASTAR
26,84,6.462,1,0,0.2585,BFS
40,347,17.35,8,0,0.4449,DFS
34,518,30.471,5,0,0.9234,DFS
37,48,2.595,5,1,0.0721,ASTAR
30,300,20.0,1,0,0.6897,BFS
50,773,30.92,7,1,0.631,ASTAR
27,76,5.63,5,1,0.2165,ASTAR
25,123,9.84,9,1,0.41,ASTAR
21,100,9.524,9,0,0.4762,DFS
14,14,2.0,7,0,0.1538,DFS
38,396,20.842,4,1,0.5633,ASTAR
12,12,2.0,10,0,0.1818,DFS
48,491,20.458,10,0,0.4353,DFS
17,27,3.176,10,0,0.1985,DFS
46,867,37.696,3,0,0.8377,BFS
26,175,13.462,8,0,0.5385,DFS
27,244,18.074,6,1,0.6952,ASTAR
14,48,6.857,1,1,0.5275,HILL
13,45,6.923,5,0,0.5769,HILL
22,177,16.091,7,0,0.7662,DFS
16,33,4.125,9,1,0.275,DFS
16,71,8.875,5,0,0.5917,BFS
46,790,34.348,5,1,0.7633,ASTAR
41,192,9.366,1,0,0.2341,BFS
27,103,7.63,6,1,0.2934,ASTAR
42,765,36.429,8,1,0.8885,ASTAR
14,82,11.714,4,0,0.9011,BFS
40,163,8.15,10,1,0.209,DFS
29,233,16.069,1,0,0.5739,BFS
31,71,4.581,8,1,0.1527,DFS
21,161,15.333,1,1,0.7667,ASTAR
29,384,26.483,7,0,0.9458,DFS
32,280,17.5,2,1,0.5645,ASTAR
18,26,2.889,4,0,0.1699,BFS
47,534,22.723,8,1,0.494,ASTAR
44,701,31.864,5,1,0.741,ASTAR
38,53,2.789,1,1,0.0754,HILL
12,36,6.0,2,0,0.5455,BFS
43,511,23.767,9,0,0.5659,DFS
24,259,21.583,2,0,0.9384,BFS
41,709,34.585,1,1,0.8646,ASTAR
49,141,5.755,4,0,0.1199,BFS
50,151,6.04,5,0,0.1233,BFS
20,170,17.0,2,0,0.8947,BFS
48,498,20.75,2,0,0.4415,BFS
35,366,20.914,2,0,0.6151,BFS
23,217,18.87,1,0,0.8577,BFS
17,51,6.0,3,1,0.375,HILL
33,315,19.091,3,1,0.5966,ASTAR
47,129,5.489,3,0,0.1193,BFS
50,819,32.76,3,0,0.6686,BFS
15,14,1.867,1,0,0.1333,BFS
47,627,26.681,7,1,0.58,ASTAR
23,58,5.043,5,1,0.2292,ASTAR
21,176,16.762,1,0,0.8381,BFS
49,228,9.306,5,1,0.1939,ASTAR
45,285,12.667,4,0,0.2879,BFS
16,94,11.75,6,0,0.7833,DFS
27,53,3.926,4,0,0.151,BFS
40,548,27.4,3,0,0.7026,BFS
12,14,2.333,6,1,0.2121,ASTAR
26,196,15.077,10,1,0.6031,ASTAR
13,34,5.231,3,0,0.4359,BFS
17,25,2.941,4,1,0.1838,HILL
30,243,16.2,4,1,0.5586,ASTAR
17,57,6.706,4,0,0.4191,BFS
36,239,13.278,7,0,0.3794,DFS
47,1038,44.17,1,1,0.9602,ASTAR
49,979,39.959,3,1,0.8325,ASTAR
39,236,12.103,6,1,0.3185,ASTAR
18,25,2.778,10,0,0.1634,DFS
17,125,14.706,8,1,0.9191,ASTAR
31,142,9.161,5,0,0.3054,DFS
46,611,26.565,4,0,0.5903,BFS
43,542,25.209,4,1,0.6002,ASTAR
27,33,2.444,7,0,0.094,DFS
37,629,34.0,4,0,0.9444,BFS
10,36,7.2,1,0,0.8,BFS
42,75,3.571,7,1,0.0871,ASTAR
16,72,9.0,8,0,0.6,DFS
10,36,7.2,4,0,0.8,BFS
25,70,5.6,1,1,0.2333,HILL
20,136,13.6,10,0,0.7158,DFS
39,179,9.179,7,0,0.2416,DFS
33,352,21.333,8,0,0.6667,DFS
14,62,8.857,6,0,0.6813,ASTAR
49,1158,47.265,10,0,0.9847,DFS
15,93,12.4,6,0,0.8857,ASTAR
13,26,4.0,7,1,0.3333,ASTAR
12,34,5.667,6,0,0.5152,BFS
45,770,34.222,4,0,0.7778,BFS
25,300,24.0,2,1,1.0,ASTAR
47,475,20.213,4,1,0.4394,HILL
27,283,20.963,7,1,0.8063,ASTAR
33,208,12.606,8,1,0.3939,ASTAR
17,76,8.941,9,1,0.5588,ASTAR
33,441,26.727,2,0,0.8352,BFS
39,127,6.513,2,1,0.1714,HILL
28,66,4.714,2,0,0.1746,BFS
19,145,15.263,3,0,0.848,BFS
50,95,3.8,5,1,0.0776,ASTAR
44,178,8.091,8,1,0.1882,DFS
11,28,5.091,4,0,0.5091,BFS
24,236,19.667,9,1,0.8551,ASTAR
31,365,23.548,6,1,0.7849,ASTAR
43,603,28.047,8,1,0.6678,ASTAR
18,95,10.556,3,1,0.6209,ASTAR
33,179,10.848,1,0,0.339,BFS
39,208,10.667,10,0,0.2807,DFS
28,120,8.571,3,0,0.3175,BFS
17,21,2.471,6,0,0.1544,BFS
33,126,7.636,4,0,0.2386,BFS
32,106,6.625,6,1,0.2137,ASTAR
20,155,15.5,5,0,0.8158,HILL
41,188,9.171,8,1,0.2293,DFS
44,562,25.545,6,1,0.5941,ASTAR
28,320,22.857,3,1,0.8466,ASTAR
17,109,12.824,8,0,0.8015,DFS
45,163,7.244,5,0,0.1646,BFS
24,137,11.417,6,0,0.4964,DFS
47,500,21.277,5,0,0.4625,DFS
44,912,41.455,8,0,0.9641,DFS
35,233,13.314,8,1,0.3916,ASTAR
42,98,4.667,6,1,0.1138,ASTAR
37,414,22.378,7,1,0.6216,ASTAR
32,210,13.125,5,1,0.4234,ASTAR
15,41,5.467,8,1,0.3905,ASTAR
28,110,7.857,7,1,0.291,ASTAR
47,222,9.447,3,0,0.2054,BFS
43,385,17.907,2,1,0.4264,HILL
36,314,17.444,7,0,0.4984,DFS
46,818,35.565,3,0,0.7903,BFS
34,329,19.353,9,1,0.5865,ASTAR
29,327,22.552,5,1,0.8054,ASTAR
39,267,13.692,1,0,0.3603,BFS
29,355,24.483,8,0,0.8744,DFS
28,240,17.143,3,1,0.6349,ASTAR
25,38,3.04,2,1,0.1267,HILL
14,89,12.714,6,1,0.978,ASTAR
26,268,20.615,2,1,0.8246,ASTAR
46,62,2.696,5,0,0.0599,BFS
19,99,10.421,8,0,0.5789,DFS
13,46,7.077,6,1,0.5897,ASTAR
32,55,3.438,5,1,0.1109,ASTAR
14,78,11.143,4,0,0.8571,BFS
48,389,16.208,9,1,0.3449,DFS
29,166,11.448,6,0,0.4089,ASTAR
19,21,2.211,3,1,0.1228,HILL
41,461,22.488,6,0,0.5622,DFS
19,146,15.368,4,0,0.8538,BFS
45,672,29.867,9,0,0.6788,DFS
14,27,3.857,3,0,0.2967,BFS
29,381,26.276,6,0,0.9384,DFS
48,1118,46.583,6,0,0.9911,DFS
11,17,3.091,4,0,0.3091,BFS
19,76,8.0,5,0,0.4444,BFS
37,150,8.108,2,0,0.2252,BFS
37,79,4.27,4,0,0.1186,BFS
42,648,30.857,1,1,0.7526,ASTAR
26,47,3.615,2,1,0.1446,HILL
16,115,14.375,2,0,0.9583,BFS
22,68,6.182,6,0,0.2944,BFS
27,322,23.852,6,1,0.9174,ASTAR
42,840,40.0,10,0,0.9756,DFS
14,25,3.571,10,0,0.2747,DFS
22,93,8.455,3,0,0.4026,BFS
16,42,5.25,9,1,0.35,ASTAR
47,425,18.085,8,0,0.3932,DFS
32,225,14.062,7,0,0.4536,DFS
36,150,8.333,6,0,0.2381,BFS
43,181,8.419,8,1,0.2004,DFS
45,783,34.8,1,0,0.7909,BFS
17,65,7.647,5,1,0.4779,ASTAR
29,379,26.138,8,0,0.9335,DFS
28,246,17.571,4,0,0.6508,BFS
40,734,36.7,6,0,0.941,DFS
41,728,35.512,2,1,0.8878,ASTAR
15,29,3.867,3,1,0.2762,HILL
47,254,10.809,3,0,0.235,BFS
22,107,9.727,4,1,0.4632,HILL
37,547,29.568,5,1,0.8213,ASTAR
35,398,22.743,8,1,0.6689,ASTAR
42,326,15.524,3,1,0.3786,HILL
26,275,21.154,8,0,0.8462,DFS
18,24,2.667,2,0,0.1569,BFS
41,734,35.805,1,0,0.8951,BFS
30,107,7.133,5,0,0.246,BFS
43,827,38.465,8,1,0.9158,ASTAR
41,542,26.439,9,1,0.661,ASTAR
44,602,27.364,1,0,0.6364,BFS
17,65,7.647,8,1,0.4779,ASTAR
38,507,26.684,1,0,0.7212,BFS
29,389,26.828,3,1,0.9581,ASTAR
29,394,27.172,7,1,0.9704,ASTAR
46,736,32.0,8,1,0.7111,ASTAR
20,148,14.8,1,1,0.7789,ASTAR
47,819,34.851,10,1,0.7576,ASTAR
28,191,13.643,1,0,0.5053,BFS
18,110,12.222,6,0,0.719,ASTAR
34,132,7.765,7,1,0.2353,ASTAR
36,394,21.889,1,0,0.6254,BFS
29,331,22.828,2,0,0.8153,BFS
17,59,6.941,3,0,0.4338,BFS
12,40,6.667,7,1,0.6061,ASTAR
40,641,32.05,1,1,0.8218,ASTAR
34,363,21.353,10,0,0.6471,DFS
16,103,12.875,4,1,0.8583,ASTAR
31,115,7.419,10,1,0.2473,DFS
37,242,13.081,8,0,0.3634,DFS
44,262,11.909,5,1,0.277,ASTAR
46,456,19.826,4,0,0.4406,BFS
47,240,10.213,10,1,0.222,DFS
46,865,37.609,9,1,0.8357,ASTAR
32,438,27.375,2,1,0.8831,ASTAR
29,249,17.172,9,1,0.6133,ASTAR
35,291,16.629,10,1,0.4891,ASTAR
45,228,10.133,1,0,0.2303,BFS
23,191,16.609,8,1,0.7549,ASTAR
44,871,39.591,10,1,0.9207,ASTAR
50,171,6.84,9,0,0.1396,DFS
19,79,8.316,3,1,0.462,HILL
36,361,20.056,2,0,0.573,BFS
27,172,12.741,3,1,0.49,HILL
25,231,18.48,4,0,0.77,BFS
11,25,4.545,5,1,0.4545,ASTAR
37,468,25.297,1,0,0.7027,BFS
18,24,2.667,5,1,0.1569,ASTAR
21,184,17.524,1,1,0.8762,ASTAR
13,22,3.385,6,1,0.2821,ASTAR
36,407,22.611,2,1,0.646,ASTAR
18,77,8.556,2,0,0.5033,BFS
47,561,23.872,8,0,0.519,DFS
17,114,13.412,6,1,0.8382,ASTAR
34,274,16.118,7,0,0.4884,DFS
21,74,7.048,5,1,0.3524,ASTAR
47,160,6.809,8,1,0.148,DFS
17,56,6.588,9,1,0.4118,ASTAR
25,166,13.28,3,1,0.5533,ASTAR
33,452,27.394,5,0,0.8561,DFS
48,118,4.917,1,0,0.1046,BFS
34,349,20.529,6,0,0.6221,DFS
25,250,20.0,7,0,0.8333,DFS
35,295,16.857,5,0,0.4958,DFS
29,135,9.31,3,1,0.3325,HILL
36,69,3.833,5,0,0.1095,BFS
41,522,25.463,7,1,0.6366,ASTAR
16,120,15.0,3,1,1.0,ASTAR
32,246,15.375,10,1,0.496,ASTAR
11,13,2.364,3,1,0.2364,HILL
18,17,1.889,7,0,0.1111,DFS
30,323,21.533,2,0,0.7425,BFS
43,772,35.907,3,1,0.8549,ASTAR
30,260,17.333,8,0,0.5977,DFS
47,716,30.468,5,0,0.6623,DFS
33,125,7.576,7,1,0.2367,ASTAR
46,274,11.913,1,0,0.2647,BFS
49,516,21.061,2,1,0.4388,HILL
20,31,3.1,7,1,0.1632,ASTAR
19,40,4.211,6,0,0.2339,BFS
17,17,2.0,9,1,0.125,DFS
39,727,37.282,8,0,0.9811,DFS
23,70,6.087,5,1,0.2767,ASTAR
34,166,9.765,7,0,0.2959,DFS
28,373,26.643,4,1,0.9868,ASTAR
19,25,2.632,5,1,0.1462,ASTAR
38,291,15.316,6,1,0.4139,ASTAR
40,175,8.75,6,1,0.2244,ASTAR
34,466,27.412,10,1,0.8307,ASTAR
45,104,4.622,1,1,0.1051,HILL
40,401,20.05,10,0,0.5141,DFS
42,675,32.143,7,1,0.784,ASTAR
33,99,6.0,9,0,0.1875,DFS
26,111,8.538,9,1,0.3415,DFS
39,173,8.872,2,1,0.2335,HILL
37,181,9.784,5,0,0.2718,BFS
18,144,16.0,5,1,0.9412,ASTAR
28,161,11.5,10,1,0.4259,ASTAR
37,204,11.027,6,1,0.3063,ASTAR
19,160,16.842,8,0,0.9357,DFS
13,41,6.308,3,0,0.5256,BFS
20,138,13.8,7,0,0.7263,DFS
41,81,3.951,8,1,0.0988,DFS
45,540,24.0,8,1,0.5455,ASTAR
19,49,5.158,6,0,0.2865,BFS
28,119,8.5,3,1,0.3148,HILL
47,480,20.426,10,0,0.444,DFS
46,229,9.957,7,0,0.2213,DFS
41,733,35.756,2,1,0.8939,ASTAR
17,66,7.765,6,0,0.4853,DFS
11,15,2.727,8,1,0.2727,DFS
27,330,24.444,1,1,0.9402,ASTAR
49,975,39.796,6,0,0.8291,DFS
13,48,7.385,6,0,0.6154,HILL
15,65,8.667,5,0,0.619,HILL
15,16,2.133,4,0,0.1524,BFS
35,325,18.571,3,0,0.5462,BFS
37,353,19.081,10,0,0.53,DFS
16,62,7.75,9,0,0.5167,DFS
34,520,30.588,5,1,0.9269,ASTAR
37,413,22.324,10,0,0.6201,DFS
37,131,7.081,1,1,0.1967,HILL
24,188,15.667,3,1,0.6812,ASTAR
43,127,5.907,5,1,0.1406,ASTAR
40,346,17.3,3,0,0.4436,BFS
29,155,10.69,9,1,0.3818,ASTAR
13,21,3.231,1,0,0.2692,BFS
36,131,7.278,8,1,0.2079,DFS
47,213,9.064,9,0,0.197,DFS
39,221,11.333,3,1,0.2982,HILL
36,339,18.833,6,1,0.5381,ASTAR
38,675,35.526,5,1,0.9602,ASTAR
21,74,7.048,3,0,0.3524,BFS
48,578,24.083,2,1,0.5124,HILL
10,35,7.0,2,0,0.7778,BFS
40,510,25.5,7,1,0.6538,ASTAR
49,786,32.082,7,1,0.6684,ASTAR
18,20,2.222,4,0,0.1307,BFS
22,27,2.455,4,1,0.1169,HILL
25,247,19.76,9,0,0.8233,DFS
39,189,9.692,8,1,0.2551,DFS
20,58,5.8,8,1,0.3053,DFS
38,636,33.474,4,0,0.9047,BFS
35,86,4.914,6,0,0.1445,BFS
37,461,24.919,8,1,0.6922,ASTAR
35,531,30.343,9,1,0.8924,ASTAR
13,14,2.154,7,1,0.1795,ASTAR
27,239,17.704,8,0,0.6809,DFS
32,260,16.25,7,0,0.5242,DFS
22,141,12.818,6,1,0.6104,ASTAR
24,173,14.417,6,1,0.6268,ASTAR
28,226,16.143,7,1,0.5979,ASTAR
20,178,17.8,4,1,0.9368,ASTAR
15,99,13.2,8,0,0.9429,DFS
20,174,17.4,8,0,0.9158,DFS
41,350,17.073,4,0,0.4268,BFS
11,32,5.818,5,1,0.5818,ASTAR
21,148,14.095,1,0,0.7048,BFS
17,95,11.176,4,0,0.6985,BFS
41,304,14.829,6,1,0.3707,ASTAR
45,317,14.089,3,0,0.3202,BFS
38,505,26.579,2,0,0.7183,BFS
49,256,10.449,9,0,0.2177,DFS
20,180,18.0,2,0,0.9474,BFS
20,93,9.3,8,1,0.4895,ASTAR
16,34,4.25,6,1,0.2833,ASTAR
17,124,14.588,4,1,0.9118,ASTAR
10,25,5.0,8,1,0.5556,ASTAR
20,40,4.0,5,1,0.2105,ASTAR
36,404,22.444,4,0,0.6413,BFS
43,473,22.0,4,0,0.5238,BFS
36,454,25.222,8,1,0.7206,ASTAR
38,186,9.789,1,0,0.2646,BFS
30,234,15.6,3,1,0.5379,HILL
12,53,8.833,3,0,0.803,BFS
43,344,16.0,7,1,0.381,ASTAR
45,938,41.689,5,1,0.9475,ASTAR
10,27,5.4,9,0,0.6,DFS
38,696,36.632,4,1,0.99,ASTAR
35,236,13.486,5,0,0.3966,ASTAR
34,162,9.529,9,1,0.2888,DFS
42,606,28.857,5,1,0.7038,ASTAR
20,24,2.4,1,1,0.1263,HILL
29,399,27.517,7,0,0.9828,DFS
33,164,9.939,9,1,0.3106,DFS
17,73,8.588,5,0,0.5368,DFS
47,524,22.298,6,1,0.4847,ASTAR
46,733,31.87,3,1,0.7082,ASTAR
25,77,6.16,6,0,0.2567,BFS
33,264,16.0,2,0,0.5,BFS
36,118,6.556,2,0,0.1873,BFS
18,138,15.333,4,1,0.902,ASTAR
43,454,21.116,10,1,0.5028,ASTAR
47,1067,45.404,7,1,0.987,ASTAR
41,789,38.488,7,0,0.9622,DFS
18,141,15.667,8,0,0.9216,DFS
42,582,27.714,2,0,0.676,BFS
12,58,9.667,3,1,0.8788,ASTAR
17,93,10.941,7,0,0.6838,DFS
46,341,14.826,1,0,0.3295,BFS
29,219,15.103,5,1,0.5394,ASTAR
19,54,5.684,10,1,0.3158,DFS
29,173,11.931,4,0,0.4261,BFS
41,42,2.049,2,1,0.0512,HILL
12,37,6.167,8,1,0.5606,ASTAR
31,430,27.742,7,1,0.9247,ASTAR
48,318,13.25,3,1,0.2819,HILL
38,189,9.947,6,0,0.2688,BFS
49,886,36.163,7,0,0.7534,DFS
31,306,19.742,1,1,0.6581,ASTAR
15,35,4.667,1,1,0.3333,HILL
17,98,11.529,9,0,0.7206,DFS
49,1157,47.224,10,0,0.9838,DFS
43,235,10.93,8,0,0.2602,DFS
44,227,10.318,1,1,0.24,HILL
25,251,20.08,2,1,0.8367,ASTAR
12,42,7.0,1,1,0.6364,ASTAR
36,59,3.278,9,1,0.0937,DFS
15,28,3.733,2,0,0.2667,BFS
21,85,8.095,2,0,0.4048,BFS
36,208,11.556,1,1,0.3302,HILL
13,50,7.692,7,0,0.641,DFS
36,366,20.333,5,1,0.581,ASTAR
17,22,2.588,4,0,0.1618,BFS
47,530,22.553,8,1,0.4903,ASTAR
27,57,4.222,6,1,0.1624,ASTAR
14,74,10.571,1,1,0.8132,ASTAR
11,27,4.909,9,0,0.4909,DFS
45,711,31.6,3,1,0.7182,ASTAR
38,122,6.421,9,0,0.1735,DFS
19,113,11.895,9,0,0.6608,DFS
44,476,21.636,9,1,0.5032,ASTAR
39,673,34.513,5,0,0.9082,DFS
40,318,15.9,10,1,0.4077,ASTAR
34,392,23.059,4,1,0.6988,ASTAR
44,619,28.136,2,1,0.6543,ASTAR
17,122,14.353,3,1,0.8971,ASTAR
23,178,15.478,9,1,0.7036,ASTAR
31,355,22.903,5,1,0.7634,ASTAR
30,203,13.533,4,1,0.4667,HILL
31,38,2.452,3,0,0.0817,BFS
10,10,2.0,3,1,0.2222,HILL
41,820,40.0,7,0,1.0,DFS
14,81,11.571,1,1,0.8901,ASTAR
32,447,27.938,7,1,0.9012,ASTAR
10,17,3.4,8,1,0.3778,ASTAR
38,46,2.421,4,0,0.0654,BFS
32,129,8.062,2,1,0.2601,HILL
24,82,6.833,8,1,0.2971,DFS
41,760,37.073,10,0,0.9268,DFS
50,860,34.4,2,1,0.702,ASTAR
41,214,10.439,9,0,0.261,DFS
46,733,31.87,10,0,0.7082,DFS
18,33,3.667,3,1,0.2157,HILL
24,248,20.667,9,1,0.8986,ASTAR
11,54,9.818,9,1,0.9818,ASTAR
39,40,2.051,7,0,0.054,DFS
30,250,16.667,7,1,0.5747,ASTAR
43,519,24.14,8,1,0.5748,ASTAR
12,57,9.5,4,0,0.8636,BFS
36,580,32.222,8,1,0.9206,ASTAR
22,106,9.636,2,0,0.4589,BFS
24,273,22.75,7,0,0.9891,DFS
22,63,5.727,6,1,0.2727,ASTAR
50,247,9.88,1,1,0.2016,HILL
11,47,8.545,6,1,0.8545,ASTAR
40,283,14.15,6,0,0.3628,DFS
14,89,12.714,10,1,0.978,ASTAR
50,963,38.52,10,0,0.7861,DFS
13,16,2.462,7,1,0.2051,ASTAR
14,29,4.143,1,1,0.3187,HILL
49,932,38.041,2,0,0.7925,BFS
45,97,4.311,5,1,0.098,ASTAR
49,889,36.286,4,0,0.756,BFS
39,476,24.41,10,0,0.6424,DFS
11,39,7.091,9,1,0.7091,ASTAR
16,28,3.5,1,0,0.2333,BFS
22,167,15.182,3,1,0.7229,ASTAR
40,674,33.7,8,0,0.8641,DFS
12,14,2.333,3,1,0.2121,HILL
42,708,33.714,6,1,0.8223,ASTAR
44,837,38.045,3,0,0.8848,BFS
48,749,31.208,5,1,0.664,ASTAR
43,642,29.86,3,0,0.711,BFS
45,923,41.022,1,1,0.9323,ASTAR
22,184,16.727,4,0,0.7965,BFS
40,750,37.5,8,1,0.9615,ASTAR
46,1031,44.826,6,1,0.9961,ASTAR
20,45,4.5,8,0,0.2368,DFS
10,24,4.8,4,1,0.5333,HILL
25,270,21.6,6,1,0.9,ASTAR
21,21,2.0,6,0,0.1,BFS
11,45,8.182,2,0,0.8182,BFS
22,182,16.545,10,1,0.7879,ASTAR
11,22,4.0,4,1,0.4,HILL
26,114,8.769,6,0,0.3508,BFS
21,87,8.286,2,0,0.4143,BFS
18,114,12.667,2,1,0.7451,ASTAR
29,261,18.0,4,1,0.6429,ASTAR
20,153,15.3,10,1,0.8053,ASTAR
14,28,4.0,3,0,0.3077,BFS
22,157,14.273,7,1,0.6797,ASTAR
37,286,15.459,1,0,0.4294,BFS
28,103,7.357,6,0,0.2725,BFS
27,90,6.667,9,1,0.2564,DFS
15,74,9.867,10,0,0.7048,DFS
34,554,32.588,6,1,0.9875,ASTAR
21,102,9.714,6,1,0.4857,ASTAR
41,525,25.61,5,1,0.6402,ASTAR
47,120,5.106,4,0,0.111,BFS
38,277,14.579,7,0,0.394,DFS
34,193,11.353,6,1,0.344,ASTAR
18,38,4.222,5,1,0.2484,ASTAR
24,172,14.333,1,1,0.6232,ASTAR
31,248,16.0,8,1,0.5333,ASTAR
33,443,26.848,8,1,0.839,ASTAR
11,21,3.818,8,0,0.3818,DFS
14,58,8.286,2,1,0.6374,ASTAR
42,600,28.571,2,1,0.6969,ASTAR
16,30,3.75,2,1,0.25,HILL
22,106,9.636,4,1,0.4589,HILL
27,123,9.111,10,0,0.3504,DFS
44,310,14.091,1,1,0.3277,HILL
32,431,26.938,7,1,0.869,ASTAR
10,40,8.0,9,0,0.8889,DFS
24,81,6.75,4,1,0.2935,HILL
47,1005,42.766,8,1,0.9297,ASTAR
30,125,8.333,7,1,0.2874,ASTAR
38,608,32.0,1,1,0.8649,ASTAR
18,95,10.556,1,1,0.6209,ASTAR
32,204,12.75,4,1,0.4113,HILL
35,584,33.371,5,1,0.9815,ASTAR
46,849,36.913,1,0,0.8203,BFS
31,320,20.645,10,1,0.6882,ASTAR
23,122,10.609,2,1,0.4822,HILL
16,57,7.125,10,1,0.475,ASTAR
29,75,5.172,3,0,0.1847,BFS
21,28,2.667,10,1,0.1333,DFS
22,38,3.455,7,1,0.1645,ASTAR
28,364,26.0,9,0,0.963,DFS
33,297,18.0,1,0,0.5625,BFS
36,435,24.167,3,0,0.6905,BFS
36,524,29.111,2,1,0.8317,ASTAR
23,55,4.783,4,1,0.2174,HILL
40,201,10.05,10,1,0.2577,DFS
42,774,36.857,8,1,0.899,ASTAR
19,132,13.895,2,1,0.7719,ASTAR
25,293,23.44,6,1,0.9767,ASTAR
46,85,3.696,2,1,0.0821,HILL
39,393,20.154,5,1,0.5304,ASTAR
21,126,12.0,4,0,0.6,BFS
37,504,27.243,7,0,0.7568,DFS
16,65,8.125,1,0,0.5417,BFS
20,89,8.9,9,1,0.4684,ASTAR
14,40,5.714,8,1,0.4396,ASTAR
45,168,7.467,6,0,0.1697,BFS
42,825,39.286,6,1,0.9582,ASTAR
26,131,10.077,9,0,0.4031,DFS
14,72,10.286,7,1,0.7912,ASTAR
22,122,11.091,1,0,0.5281,BFS
18,100,11.111,8,1,0.6536,ASTAR
15,84,11.2,4,1,0.8,ASTAR
27,108,8.0,3,0,0.3077,BFS
21,95,9.048,2,1,0.4524,HILL
10,27,5.4,3,1,0.6,ASTAR
23,204,17.739,1,0,0.8063,BFS
13,78,12.0,2,1,1.0,ASTAR
38,90,4.737,10,0,0.128,DFS
34,239,14.059,4,1,0.426,HILL
22,44,4.0,1,1,0.1905,HILL
10,31,6.2,4,0,0.6889,BFS
16,117,14.625,3,0,0.975,BFS
42,151,7.19,6,1,0.1754,ASTAR
22,180,16.364,4,1,0.7792,ASTAR
17,45,5.294,4,0,0.3309,BFS
21,23,2.19,7,1,0.1095,ASTAR
23,139,12.087,4,0,0.5494,BFS
27,345,25.556,6,0,0.9829,DFS
23,127,11.043,5,1,0.502,ASTAR
16,106,13.25,9,0,0.8833,DFS
16,91,11.375,6,1,0.7583,ASTAR
18,102,11.333,3,1,0.6667,ASTAR
40,108,5.4,6,0,0.1385,BFS
47,965,41.064,7,0,0.8927,DFS
10,24,4.8,1,0,0.5333,BFS
37,285,15.405,10,0,0.4279,DFS
33,287,17.394,5,0,0.5436,DFS
12,26,4.333,10,1,0.3939,ASTAR
31,98,6.323,5,1,0.2108,ASTAR
12,44,7.333,7,1,0.6667,ASTAR
24,239,19.917,6,1,0.8659,ASTAR
44,98,4.455,4,0,0.1036,BFS
34,362,21.294,3,1,0.6453,ASTAR
14,75,10.714,2,0,0.8242,BFS
19,70,7.368,3,0,0.4094,BFS
45,895,39.778,4,0,0.904,BFS
37,514,27.784,5,0,0.7718,DFS
25,241,19.28,3,0,0.8033,BFS
46,504,21.913,4,1,0.487,HILL
40,120,6.0,6,1,0.1538,ASTAR
40,490,24.5,7,1,0.6282,ASTAR
40,59,2.95,7,1,0.0756,ASTAR
29,332,22.897,9,0,0.8177,DFS
21,85,8.095,7,1,0.4048,ASTAR
28,219,15.643,9,1,0.5794,ASTAR
18,137,15.222,4,0,0.8954,BFS
10,10,2.0,9,1,0.2222,DFS
36,439,24.389,6,1,0.6968,ASTAR
47,191,8.128,7,0,0.1767,DFS
17,65,7.647,10,0,0.4779,DFS
37,297,16.054,6,1,0.4459,ASTAR
33,388,23.515,1,1,0.7348,ASTAR
25,148,11.84,8,0,0.4933,DFS
33,355,21.515,1,0,0.6723,BFS
39,735,37.692,3,1,0.9919,ASTAR
47,376,16.0,1,0,0.3478,BFS
34,440,25.882,10,0,0.7843,DFS
22,129,11.727,3,1,0.5584,ASTAR
29,284,19.586,9,1,0.6995,ASTAR
36,126,7.0,2,1,0.2,HILL
27,133,9.852,7,1,0.3789,ASTAR
20,144,14.4,1,0,0.7579,BFS
36,572,31.778,7,1,0.9079,ASTAR
20,64,6.4,6,0,0.3368,DFS
41,226,11.024,9,0,0.2756,DFS
23,69,6.0,4,0,0.2727,BFS
22,87,7.909,7,1,0.3766,ASTAR
49,271,11.061,3,0,0.2304,BFS
34,160,9.412,5,0,0.2852,BFS
47,526,22.383,8,1,0.4866,ASTAR
16,16,2.0,1,1,0.1333,HILL
10,12,2.4,2,0,0.2667,BFS
10,34,6.8,10,1,0.7556,ASTAR
40,384,19.2,10,1,0.4923,ASTAR
31,191,12.323,4,1,0.4108,HILL
34,91,5.353,6,1,0.1622,ASTAR
10,39,7.8,7,0,0.8667,DFS
17,127,14.941,9,1,0.9338,ASTAR
25,212,16.96,8,1,0.7067,ASTAR
22,21,1.909,6,0,0.0909,BFS
12,62,10.333,6,1,0.9394,ASTAR
41,449,21.902,10,0,0.5476,DFS
40,713,35.65,2,1,0.9141,ASTAR
22,203,18.455,3,0,0.8788,BFS
15,52,6.933,9,1,0.4952,ASTAR
38,155,8.158,8,0,0.2205,DFS
20,187,18.7,2,0,0.9842,BFS
11,20,3.636,6,1,0.3636,ASTAR
24,207,17.25,5,1,0.75,ASTAR
17,101,11.882,3,1,0.7426,ASTAR
31,144,9.29,10,0,0.3097,DFS
34,423,24.882,9,1,0.754,ASTAR
24,89,7.417,2,1,0.3225,HILL
15,57,7.6,10,0,0.5429,DFS
17,89,10.471,6,0,0.6544,HILL
46,799,34.739,1,1,0.772,ASTAR
44,237,10.773,7,1,0.2505,ASTAR
33,440,26.667,3,0,0.8333,BFS
10,44,8.8,8,1,0.9778,ASTAR
28,139,9.929,8,1,0.3677,ASTAR
28,101,7.214,1,1,0.2672,HILL
17,51,6.0,10,1,0.375,ASTAR
23,148,12.87,5,1,0.585,ASTAR
31,108,6.968,4,0,0.2323,BFS
13,34,5.231,8,1,0.4359,ASTAR
20,24,2.4,9,1,0.1263,DFS
40,395,19.75,7,1,0.5064,ASTAR
28,171,12.214,4,1,0.4524,HILL
30,414,27.6,10,0,0.9517,DFS
29,262,18.069,3,0,0.6453,BFS
40,337,16.85,3,0,0.4321,BFS
22,209,19.0,1,1,0.9048,ASTAR
46,149,6.478,3,1,0.144,HILL
37,208,11.243,1,0,0.3123,BFS
40,222,11.1,1,0,0.2846,BFS
31,333,21.484,7,0,0.7161,DFS
35,284,16.229,1,0,0.4773,BFS
41,349,17.024,10,0,0.4256,DFS
34,124,7.294,8,1,0.221,DFS
38,413,21.737,1,0,0.5875,BFS
17,78,9.176,9,0,0.5735,DFS
46,631,27.435,8,1,0.6097,ASTAR
16,116,14.5,10,0,0.9667,DFS
37,341,18.432,10,0,0.512,DFS
14,81,11.571,3,1,0.8901,ASTAR
11,35,6.364,9,1,0.6364,ASTAR
47,300,12.766,4,0,0.2775,BFS
48,415,17.292,1,1,0.3679,HILL
17,21,2.471,3,0,0.1544,BFS
15,85,11.333,5,0,0.8095,BFS
42,346,16.476,6,0,0.4019,BFS
25,177,14.16,1,1,0.59,ASTAR
38,180,9.474,10,1,0.256,DFS
43,402,18.698,10,0,0.4452,DFS
12,26,4.333,1,0,0.3939,BFS
23,56,4.87,10,0,0.2213,DFS
27,91,6.741,10,1,0.2593,DFS
26,158,12.154,7,0,0.4862,DFS
15,46,6.133,7,0,0.4381,DFS
14,47,6.714,4,1,0.5165,HILL
42,660,31.429,3,1,0.7666,ASTAR
30,432,28.8,7,1,0.9931,ASTAR
48,553,23.042,2,1,0.4902,HILL
17,103,12.118,9,1,0.7574,ASTAR
50,231,9.24,6,1,0.1886,ASTAR
19,75,7.895,5,0,0.4386,DFS
34,140,8.235,2,0,0.2496,BFS
29,329,22.69,8,0,0.8103,DFS
46,931,40.478,5,1,0.8995,ASTAR
13,33,5.077,6,1,0.4231,ASTAR
44,607,27.591,10,1,0.6416,ASTAR
18,83,9.222,1,0,0.5425,BFS
19,114,12.0,10,1,0.6667,ASTAR
50,807,32.28,4,1,0.6588,ASTAR
21,132,12.571,6,1,0.6286,ASTAR
27,245,18.148,9,0,0.698,DFS
15,53,7.067,7,1,0.5048,ASTAR
50,211,8.44,2,0,0.1722,BFS
20,166,16.6,1,0,0.8737,BFS
45,548,24.356,1,1,0.5535,ASTAR
18,139,15.444,8,0,0.9085,DFS
49,437,17.837,1,1,0.3716,HILL
32,156,9.75,9,0,0.3145,DFS
20,153,15.3,4,0,0.8053,BFS
18,148,16.444,6,0,0.9673,HILL
20,114,11.4,2,1,0.6,ASTAR
25,300,24.0,2,1,1.0,ASTAR
28,162,11.571,4,0,0.4286,BFS
46,448,19.478,4,1,0.4329,HILL
42,77,3.667,8,1,0.0894,DFS
10,39,7.8,6,1,0.8667,ASTAR
10,32,6.4,3,1,0.7111,ASTAR
16,70,8.75,8,0,0.5833,DFS
42,198,9.429,7,0,0.23,DFS
10,19,3.8,5,0,0.4222,ASTAR
29,214,14.759,7,0,0.5271,DFS
27,81,6.0,8,1,0.2308,DFS
32,413,25.812,7,0,0.8327,DFS
22,49,4.455,4,1,0.2121,HILL
35,465,26.571,6,0,0.7815,DFS
22,143,13.0,5,0,0.619,HILL
18,100,11.111,7,1,0.6536,ASTAR
16,116,14.5,1,0,0.9667,BFS
42,54,2.571,4,0,0.0627,BFS
31,249,16.065,10,0,0.5355,DFS
28,171,12.214,8,0,0.4524,DFS
25,102,8.16,9,0,0.34,DFS
17,126,14.824,5,0,0.9265,HILL
22,142,12.909,2,0,0.6147,BFS
47,350,14.894,4,0,0.3238,BFS
12,28,4.667,4,0,0.4242,BFS
49,456,18.612,2,0,0.3878,BFS
43,355,16.512,4,0,0.3931,BFS
40,101,5.05,9,1,0.1295,DFS
29,84,5.793,5,1,0.2069,ASTAR
32,395,24.688,7,0,0.7964,DFS
13,35,5.385,1,0,0.4487,BFS
30,137,9.133,5,1,0.3149,ASTAR
48,253,10.542,7,0,0.2243,DFS
41,412,20.098,6,1,0.5024,ASTAR
10,45,9.0,3,1,1.0,ASTAR
33,412,24.97,10,1,0.7803,ASTAR
27,133,9.852,10,1,0.3789,ASTAR
16,31,3.875,10,0,0.2583,DFS
22,70,6.364,8,0,0.303,DFS
44,676,30.727,6,1,0.7146,ASTAR
22,157,14.273,3,0,0.6797,BFS
36,598,33.222,5,1,0.9492,ASTAR
38,681,35.842,2,1,0.9687,ASTAR
36,571,31.722,9,0,0.9063,DFS
27,92,6.815,5,0,0.2621,BFS
13,36,5.538,7,1,0.4615,ASTAR
42,117,5.571,3,1,0.1359,HILL
34,432,25.412,7,1,0.7701,ASTAR
10,20,4.0,10,0,0.4444,DFS
10,42,8.4,8,1,0.9333,ASTAR
24,98,8.167,5,0,0.3551,BFS
44,286,13.0,5,0,0.3023,ASTAR
18,86,9.556,1,0,0.5621,BFS
23,158,13.739,2,0,0.6245,BFS
50,804,32.16,6,0,0.6563,DFS
45,314,13.956,3,1,0.3172,HILL
28,193,13.786,1,0,0.5106,BFS
24,210,17.5,5,0,0.7609,BFS
44,716,32.545,10,0,0.7569,DFS
34,296,17.412,10,0,0.5276,DFS
24,106,8.833,5,0,0.3841,HILL
19,132,13.895,4,1,0.7719,ASTAR
40,134,6.7,8,0,0.1718,DFS
21,68,6.476,10,1,0.3238,DFS
21,185,17.619,5,0,0.881,DFS
35,226,12.914,2,0,0.3798,BFS
25,256,20.48,7,0,0.8533,DFS
18,20,2.222,10,0,0.1307,DFS
11,17,3.091,1,0,0.3091,BFS
15,48,6.4,3,0,0.4571,BFS
10,16,3.2,9,1,0.3556,ASTAR
15,39,5.2,3,1,0.3714,HILL
38,204,10.737,5,1,0.2902,ASTAR
25,52,4.16,9,1,0.1733,DFS
17,18,2.118,1,0,0.1324,BFS
16,80,10.0,7,0,0.6667,DFS
24,29,2.417,4,1,0.1051,HILL
32,366,22.875,5,0,0.7379,DFS
34,148,8.706,8,0,0.2638,DFS
24,49,4.083,5,1,0.1775,ASTAR
31,90,5.806,6,0,0.1935,BFS
48,356,14.833,3,1,0.3156,HILL
48,418,17.417,7,0,0.3706,DFS
29,347,23.931,5,1,0.8547,ASTAR
27,281,20.815,6,1,0.8006,ASTAR
14,13,1.857,3,0,0.1429,BFS
34,490,28.824,8,0,0.8734,DFS
37,321,17.351,3,0,0.482,BFS
18,63,7.0,7,1,0.4118,ASTAR
37,528,28.541,7,1,0.7928,ASTAR
25,220,17.6,7,1,0.7333,ASTAR
41,585,28.537,9,0,0.7134,DFS
47,909,38.681,9,0,0.8409,DFS
25,209,16.72,1,0,0.6967,BFS
11,33,6.0,9,1,0.6,ASTAR
17,23,2.706,6,1,0.1691,ASTAR
18,92,10.222,8,0,0.6013,DFS
45,978,43.467,7,0,0.9879,DFS
24,37,3.083,3,0,0.1341,BFS
19,114,12.0,1,1,0.6667,ASTAR
16,99,12.375,10,0,0.825,DFS
48,370,15.417,1,0,0.328,BFS
15,45,6.0,2,0,0.4286,BFS
36,188,10.444,3,1,0.2984,HILL
43,757,35.209,5,1,0.8383,ASTAR
31,257,16.581,1,1,0.5527,ASTAR
13,16,2.462,10,0,0.2051,DFS
10,35,7.0,7,1,0.7778,ASTAR
26,317,24.385,9,1,0.9754,ASTAR
37,196,10.595,5,0,0.2943,BFS
18,71,7.889,7,0,0.4641,DFS
21,210,20.0,9,0,1.0,DFS
39,526,26.974,6,1,0.7099,ASTAR
20,32,3.2,6,1,0.1684,ASTAR
16,28,3.5,2,1,0.2333,HILL
31,44,2.839,4,1,0.0946,HILL
16,23,2.875,4,0,0.1917,BFS
29,124,8.552,9,0,0.3054,DFS
12,26,4.333,5,0,0.3939,BFS
46,854,37.13,8,0,0.8251,DFS
15,53,7.067,1,1,0.5048,HILL
35,546,31.2,4,1,0.9176,ASTAR
32,97,6.062,2,1,0.1956,HILL
42,144,6.857,9,0,0.1672,DFS
34,521,30.647,10,0,0.9287,DFS
19,136,14.316,2,0,0.7953,BFS
24,249,20.75,4,0,0.9022,BFS
20,147,14.7,9,1,0.7737,ASTAR
18,103,11.444,5,1,0.6732,ASTAR
37,76,4.108,7,0,0.1141,DFS
49,201,8.204,3,1,0.1709,HILL
10,19,3.8,5,0,0.4222,HILL
30,115,7.667,5,0,0.2644,BFS
46,417,18.13,6,0,0.4029,DFS
39,302,15.487,8,1,0.4076,ASTAR
38,702,36.947,3,0,0.9986,BFS
41,80,3.902,6,1,0.0976,ASTAR
49,312,12.735,8,1,0.2653,DFS
49,690,28.163,6,0,0.5867,DFS
42,501,23.857,5,0,0.5819,DFS
13,43,6.615,9,0,0.5513,DFS
16,52,6.5,7,0,0.4333,DFS
14,41,5.857,7,1,0.4505,ASTAR
32,269,16.812,8,1,0.5423,ASTAR
21,207,19.714,2,1,0.9857,ASTAR
22,123,11.182,6,0,0.5325,HILL
23,201,17.478,8,0,0.7945,DFS
12,45,7.5,3,1,0.6818,ASTAR
23,103,8.957,10,0,0.4071,DFS
34,96,5.647,6,1,0.1711,ASTAR
23,35,3.043,4,0,0.1383,BFS
37,312,16.865,5,0,0.4685,BFS
27,233,17.259,2,1,0.6638,ASTAR
38,466,24.526,9,0,0.6629,DFS
26,119,9.154,1,0,0.3662,BFS
37,386,20.865,5,0,0.5796,DFS
36,528,29.333,8,0,0.8381,DFS
37,399,21.568,10,1,0.5991,ASTAR
45,845,37.556,10,0,0.8535,DFS
47,342,14.553,6,1,0.3164,ASTAR
39,189,9.692,8,1,0.2551,DFS
36,304,16.889,9,0,0.4825,DFS
18,132,14.667,10,0,0.8627,DFS
22,128,11.636,9,0,0.5541,DFS
23,111,9.652,4,0,0.4387,BFS
46,1023,44.478,1,1,0.9884,ASTAR
11,29,5.273,5,0,0.5273,HILL
36,455,25.278,6,1,0.7222,ASTAR
37,571,30.865,6,0,0.8574,DFS
39,476,24.41,6,0,0.6424,DFS
20,157,15.7,7,1,0.8263,ASTAR
37,326,17.622,10,0,0.4895,DFS
16,26,3.25,1,1,0.2167,HILL
49,1163,47.469,2,1,0.9889,ASTAR
12,53,8.833,5,1,0.803,ASTAR
39,602,30.872,7,0,0.8124,DFS
40,166,8.3,6,1,0.2128,ASTAR
35,41,2.343,6,0,0.0689,BFS
27,161,11.926,5,1,0.4587,ASTAR
10,36,7.2,1,0,0.8,BFS
33,462,28.0,9,1,0.875,ASTAR
46,485,21.087,4,1,0.4686,HILL
35,86,4.914,10,1,0.1445,DFS
50,848,33.92,3,1,0.6922,ASTAR
43,204,9.488,7,0,0.2259,DFS
18,146,16.222,2,1,0.9542,ASTAR
50,581,23.24,9,0,0.4743,DFS
23,45,3.913,2,0,0.1779,BFS
50,362,14.48,1,0,0.2955,BFS
11,18,3.273,8,1,0.3273,DFS
24,99,8.25,4,0,0.3587,BFS
34,299,17.588,1,1,0.533,HILL
19,23,2.421,10,0,0.1345,DFS
48,298,12.417,2,0,0.2642,BFS
21,43,4.095,2,1,0.2048,HILL
23,122,10.609,2,1,0.4822,HILL
36,110,6.111,8,0,0.1746,DFS
36,419,23.278,6,1,0.6651,ASTAR
21,96,9.143,1,0,0.4571,BFS
50,113,4.52,2,1,0.0922,HILL
40,667,33.35,10,0,0.8551,DFS
26,87,6.692,4,0,0.2677,BFS
43,566,26.326,3,0,0.6268,BFS
17,131,15.412,4,0,0.9632,BFS
24,44,3.667,3,1,0.1594,HILL
22,44,4.0,6,1,0.1905,ASTAR
41,486,23.707,9,1,0.5927,ASTAR
26,113,8.692,4,1,0.3477,HILL
16,89,11.125,10,1,0.7417,ASTAR
23,206,17.913,8,1,0.8142,ASTAR
37,646,34.919,5,1,0.97,ASTAR
48,831,34.625,7,0,0.7367,DFS
33,491,29.758,2,1,0.9299,ASTAR
12,43,7.167,5,1,0.6515,ASTAR
43,402,18.698,7,0,0.4452,DFS
30,248,16.533,3,1,0.5701,ASTAR
23,190,16.522,6,1,0.751,ASTAR
30,91,6.067,1,1,0.2092,HILL
31,139,8.968,8,1,0.2989,DFS
45,111,4.933,7,1,0.1121,ASTAR
43,264,12.279,2,1,0.2924,HILL
14,86,12.286,7,1,0.9451,ASTAR
30,130,8.667,4,0,0.2989,BFS
41,87,4.244,5,1,0.1061,ASTAR
38,212,11.158,10,1,0.3016,DFS
25,34,2.72,5,0,0.1133,BFS
46,49,2.13,8,1,0.0473,DFS
35,71,4.057,9,0,0.1193,DFS
11,14,2.545,8,0,0.2545,DFS
36,343,19.056,5,1,0.5444,ASTAR
35,115,6.571,9,1,0.1933,DFS
13,62,9.538,5,1,0.7949,ASTAR
17,123,14.471,6,0,0.9044,BFS
10,18,3.6,2,1,0.4,HILL
37,267,14.432,3,0,0.4009,BFS
33,449,27.212,9,0,0.8504,DFS
13,45,6.923,1,0,0.5769,BFS
29,66,4.552,5,1,0.1626,ASTAR
34,309,18.176,3,0,0.5508,BFS
17,32,3.765,6,0,0.2353,BFS
36,492,27.333,2,0,0.781,BFS
41,327,15.951,6,1,0.3988,ASTAR
26,176,13.538,2,1,0.5415,HILL
25,129,10.32,2,0,0.43,BFS
13,39,6.0,1,0,0.5,BFS
34,225,13.235,8,0,0.4011,DFS
47,687,29.234,5,1,0.6355,ASTAR
42,149,7.095,3,0,0.1731,BFS
34,496,29.176,10,0,0.8841,DFS
22,38,3.455,5,1,0.1645,ASTAR
29,323,22.276,2,0,0.7956,BFS
16,110,13.75,2,0,0.9167,BFS
39,229,11.744,5,0,0.309,HILL
32,166,10.375,2,0,0.3347,BFS
23,60,5.217,7,1,0.2372,ASTAR
13,68,10.462,5,1,0.8718,ASTAR
34,465,27.353,4,1,0.8289,ASTAR
21,172,16.381,5,1,0.819,ASTAR
16,102,12.75,1,0,0.85,BFS
24,52,4.333,1,0,0.1884,BFS
25,57,4.56,9,0,0.19,DFS
49,876,35.755,7,1,0.7449,ASTAR
27,279,20.667,4,0,0.7949,BFS
32,357,22.312,5,1,0.7198,ASTAR
16,38,4.75,9,1,0.3167,DFS
25,111,8.88,6,0,0.37,ASTAR
39,183,9.385,1,1,0.247,HILL
11,21,3.818,5,0,0.3818,BFS
48,768,32.0,8,0,0.6809,DFS
25,265,21.2,2,0,0.8833,BFS
46,741,32.217,5,0,0.7159,DFS
20,56,5.6,2,0,0.2947,BFS
31,261,16.839,8,1,0.5613,ASTAR
26,274,21.077,5,1,0.8431,ASTAR
32,185,11.562,6,1,0.373,ASTAR
43,787,36.605,1,0,0.8715,BFS
24,191,15.917,3,1,0.692,ASTAR
25,244,19.52,6,0,0.8133,DFS
22,117,10.636,2,1,0.5065,HILL
44,503,22.864,9,0,0.5317,DFS
32,485,30.312,6,1,0.9778,ASTAR
27,184,13.63,4,0,0.5242,BFS
31,457,29.484,10,0,0.9828,DFS
39,618,31.692,6,1,0.834,ASTAR
10,41,8.2,3,1,0.9111,ASTAR
43,338,15.721,10,0,0.3743,DFS
28,60,4.286,5,0,0.1587,BFS
23,94,8.174,10,0,0.3715,DFS
29,30,2.069,7,1,0.0739,ASTAR
10,13,2.6,5,0,0.2889,BFS
28,284,20.286,9,0,0.7513,DFS
27,99,7.333,4,1,0.2821,HILL
15,51,6.8,4,0,0.4857,BFS
32,158,9.875,7,1,0.3185,ASTAR
16,48,6.0,5,1,0.4,ASTAR
37,366,19.784,10,0,0.5495,DFS
22,85,7.727,3,1,0.368,HILL
29,184,12.69,2,1,0.4532,HILL
50,993,39.72,9,0,0.8106,DFS
37,134,7.243,3,1,0.2012,HILL
42,742,35.333,6,1,0.8618,ASTAR
39,468,24.0,7,1,0.6316,ASTAR
45,71,3.156,7,0,0.0717,DFS
49,667,27.224,4,1,0.5672,ASTAR
44,622,28.273,5,0,0.6575,DFS
35,162,9.257,7,0,0.2723,DFS
43,513,23.86,1,0,0.5681,BFS
16,57,7.125,10,0,0.475,DFS
46,538,23.391,6,0,0.5198,DFS
47,154,6.553,4,0,0.1425,BFS
41,179,8.732,4,0,0.2183,BFS
29,396,27.31,1,1,0.9754,ASTAR
22,50,4.545,2,0,0.2165,BFS
17,82,9.647,2,0,0.6029,BFS
40,64,3.2,9,1,0.0821,DFS
17,54,6.353,7,1,0.3971,ASTAR
25,157,12.56,10,1,0.5233,ASTAR
49,300,12.245,7,0,0.2551,DFS
21,56,5.333,4,0,0.2667,BFS
44,248,11.273,8,1,0.2622,DFS
16,90,11.25,8,1,0.75,ASTAR
35,429,24.514,2,1,0.721,ASTAR
37,187,10.108,1,1,0.2808,HILL
46,443,19.261,1,1,0.428,HILL
49,958,39.102,1,1,0.8146,ASTAR
39,507,26.0,5,0,0.6842,DFS
32,287,17.938,9,0,0.5786,DFS
43,441,20.512,9,0,0.4884,DFS
19,108,11.368,10,1,0.6316,ASTAR
18,88,9.778,5,1,0.5752,ASTAR
40,424,21.2,8,0,0.5436,DFS
42,835,39.762,9,1,0.9698,ASTAR
30,330,22.0,10,1,0.7586,ASTAR
35,103,5.886,1,0,0.1731,BFS
20,78,7.8,2,0,0.4105,BFS
40,370,18.5,4,0,0.4744,BFS
21,206,19.619,7,1,0.981,ASTAR
13,44,6.769,2,0,0.5641,BFS
14,69,9.857,6,0,0.7582,ASTAR
16,104,13.0,8,1,0.8667,ASTAR
50,1224,48.96,9,0,0.9992,DFS
41,488,23.805,5,0,0.5951,DFS
20,130,13.0,9,0,0.6842,DFS
11,50,9.091,2,0,0.9091,BFS
18,18,2.0,6,1,0.1176,ASTAR
14,56,8.0,3,1,0.6154,ASTAR
23,168,14.609,8,1,0.664,ASTAR
45,917,40.756,3,0,0.9263,BFS
50,819,32.76,2,0,0.6686,BFS
43,347,16.14,2,0,0.3843,BFS
13,54,8.308,1,0,0.6923,BFS
28,155,11.071,7,1,0.4101,ASTAR
20,92,9.2,2,0,0.4842,BFS
49,1072,43.755,5,1,0.9116,ASTAR
44,757,34.409,2,1,0.8002,ASTAR
26,40,3.077,1,1,0.1231,HILL
22,106,9.636,1,0,0.4589,BFS
31,417,26.903,1,0,0.8968,BFS
46,971,42.217,10,0,0.9382,DFS
14,66,9.429,10,0,0.7253,DFS
40,171,8.55,5,0,0.2192,BFS
41,559,27.268,4,1,0.6817,ASTAR
29,144,9.931,1,0,0.3547,BFS
22,157,14.273,10,1,0.6797,ASTAR
11,45,8.182,8,0,0.8182,DFS
34,161,9.471,7,1,0.287,ASTAR
17,72,8.471,2,1,0.5294,HILL
31,253,16.323,1,0,0.5441,BFS
47,66,2.809,4,1,0.0611,HILL
44,624,28.364,1,0,0.6596,BFS
25,53,4.24,2,0,0.1767,BFS
21,92,8.762,1,1,0.4381,HILL
25,173,13.84,3,1,0.5767,ASTAR
17,100,11.765,2,0,0.7353,BFS
44,253,11.5,8,1,0.2674,DFS
24,136,11.333,5,1,0.4928,ASTAR
28,361,25.786,4,1,0.955,ASTAR
44,558,25.364,2,0,0.5899,BFS
36,532,29.556,5,0,0.8444,DFS
18,150,16.667,4,1,0.9804,ASTAR
23,53,4.609,6,0,0.2095,BFS
25,249,19.92,8,0,0.83,DFS
12,28,4.667,5,1,0.4242,ASTAR
15,21,2.8,5,1,0.2,ASTAR
34,426,25.059,8,0,0.7594,DFS
34,221,13.0,7,0,0.3939,DFS
12,45,7.5,6,0,0.6818,ASTAR
26,135,10.385,1,1,0.4154,HILL
49,936,38.204,7,0,0.7959,DFS
45,441,19.6,5,1,0.4455,ASTAR
46,832,36.174,9,1,0.8039,ASTAR
34,511,30.059,4,0,0.9109,BFS
27,166,12.296,2,0,0.4729,BFS
28,199,14.214,10,1,0.5265,ASTAR
27,211,15.63,5,1,0.6011,ASTAR
48,72,3.0,2,1,0.0638,HILL
30,164,10.933,3,1,0.377,HILL
38,46,2.421,8,0,0.0654,DFS
40,692,34.6,9,0,0.8872,DFS
47,208,8.851,5,1,0.1924,ASTAR
38,221,11.632,5,1,0.3144,ASTAR
41,170,8.293,4,0,0.2073,BFS
49,149,6.082,4,0,0.1267,BFS
21,195,18.571,9,1,0.9286,ASTAR
12,46,7.667,4,0,0.697,BFS
26,156,12.0,1,1,0.48,HILL
12,49,8.167,4,1,0.7424,ASTAR
42,495,23.571,2,0,0.5749,BFS
30,321,21.4,6,1,0.7379,ASTAR
37,325,17.568,3,0,0.488,BFS
33,203,12.303,7,1,0.3845,ASTAR
28,345,24.643,1,0,0.9127,BFS
28,103,7.357,10,0,0.2725,DFS
23,228,19.826,6,1,0.9012,ASTAR
34,66,3.882,3,1,0.1176,HILL
15,23,3.067,4,1,0.219,HILL
17,124,14.588,9,0,0.9118,DFS
43,574,26.698,8,1,0.6357,ASTAR
46,345,15.0,4,1,0.3333,HILL
33,150,9.091,8,1,0.2841,DFS
17,104,12.235,4,1,0.7647,ASTAR
36,405,22.5,2,1,0.6429,ASTAR
14,59,8.429,8,0,0.6484,DFS
36,270,15.0,10,0,0.4286,DFS
25,232,18.56,10,0,0.7733,DFS
28,201,14.357,6,0,0.5317,HILL
42,192,9.143,10,1,0.223,DFS
22,67,6.091,8,0,0.29,DFS
36,304,16.889,9,1,0.4825,ASTAR
18,25,2.778,7,0,0.1634,DFS
14,29,4.143,9,1,0.3187,DFS
32,96,6.0,7,0,0.1935,DFS
17,59,6.941,6,0,0.4338,BFS
14,58,8.286,8,1,0.6374,ASTAR
37,332,17.946,8,0,0.4985,DFS
47,217,9.234,3,0,0.2007,BFS
33,377,22.848,8,1,0.714,ASTAR
21,150,14.286,10,1,0.7143,ASTAR
16,44,5.5,5,1,0.3667,ASTAR
46,575,25.0,9,1,0.5556,ASTAR
34,359,21.118,3,0,0.6399,BFS
23,132,11.478,9,1,0.5217,ASTAR
49,691,28.204,2,1,0.5876,ASTAR
17,52,6.118,5,1,0.3824,ASTAR
20,92,9.2,5,0,0.4842,ASTAR
19,42,4.421,4,0,0.2456,BFS
12,45,7.5,9,0,0.6818,DFS
11,33,6.0,4,1,0.6,ASTAR
46,481,20.913,8,0,0.4647,DFS
28,83,5.929,2,1,0.2196,HILL
41,309,15.073,2,0,0.3768,BFS
17,61,7.176,2,0,0.4485,BFS
30,109,7.267,9,1,0.2506,DFS
50,1099,43.96,2,1,0.8971,ASTAR
12,38,6.333,2,1,0.5758,ASTAR
45,720,32.0,1,0,0.7273,BFS
47,816,34.723,4,0,0.7549,BFS
19,142,14.947,3,1,0.8304,ASTAR
22,183,16.636,2,0,0.7922,BFS
14,75,10.714,9,0,0.8242,DFS
12,37,6.167,5,1,0.5606,ASTAR
25,202,16.16,8,0,0.6733,DFS
24,247,20.583,5,1,0.8949,ASTAR
50,852,34.08,10,1,0.6955,ASTAR
28,76,5.429,4,0,0.2011,BFS
28,241,17.214,8,1,0.6376,ASTAR
37,154,8.324,3,1,0.2312,HILL
17,60,7.059,7,0,0.4412,DFS
40,539,26.95,10,1,0.691,ASTAR
11,28,5.091,5,0,0.5091,HILL
13,53,8.154,5,1,0.6795,ASTAR
38,472,24.842,7,1,0.6714,ASTAR
27,274,20.296,4,1,0.7806,ASTAR
12,30,5.0,8,1,0.4545,ASTAR
20,156,15.6,4,0,0.8211,BFS
49,723,29.51,3,0,0.6148,BFS
11,34,6.182,2,1,0.6182,ASTAR
45,108,4.8,1,0,0.1091,BFS
22,61,5.545,9,1,0.2641,DFS
24,97,8.083,3,1,0.3514,HILL
23,163,14.174,4,0,0.6443,BFS
11,43,7.818,2,1,0.7818,ASTAR
12,21,3.5,5,1,0.3182,ASTAR
50,555,22.2,1,1,0.4531,HILL
34,443,26.059,3,1,0.7897,ASTAR
14,22,3.143,9,1,0.2418,DFS
44,662,30.091,3,0,0.6998,BFS
35,232,13.257,10,1,0.3899,ASTAR
37,560,30.27,1,1,0.8408,ASTAR
22,46,4.182,5,1,0.1991,ASTAR
37,131,7.081,4,1,0.1967,HILL
40,330,16.5,9,0,0.4231,DFS
41,785,38.293,7,1,0.9573,ASTAR
16,72,9.0,4,0,0.6,BFS
24,137,11.417,6,1,0.4964,ASTAR
29,198,13.655,3,0,0.4877,BFS
20,72,7.2,8,0,0.3789,DFS
35,518,29.6,9,0,0.8706,DFS
41,298,14.537,7,1,0.3634,ASTAR
19,27,2.842,6,1,0.1579,ASTAR
27,133,9.852,9,1,0.3789,ASTAR
30,362,24.133,4,1,0.8322,ASTAR
40,565,28.25,9,0,0.7244,DFS
37,115,6.216,7,0,0.1727,DFS
20,152,15.2,2,0,0.8,BFS
17,20,2.353,7,1,0.1471,ASTAR
43,540,25.116,3,1,0.598,ASTAR
28,87,6.214,7,1,0.2302,ASTAR
27,293,21.704,6,1,0.8348,ASTAR
20,55,5.5,5,0,0.2895,BFS
33,297,18.0,10,1,0.5625,ASTAR
23,106,9.217,3,0,0.419,BFS
40,49,2.45,6,1,0.0628,ASTAR
40,107,5.35,1,1,0.1372,HILL
22,198,18.0,2,1,0.8571,ASTAR
13,71,10.923,10,0,0.9103,DFS
50,1194,47.76,4,1,0.9747,ASTAR
22,91,8.273,5,1,0.3939,ASTAR
29,216,14.897,10,1,0.532,ASTAR
45,598,26.578,4,0,0.604,BFS
16,108,13.5,4,1,0.9,ASTAR
46,149,6.478,3,1,0.144,HILL
47,613,26.085,10,1,0.5671,ASTAR
10,24,4.8,4,0,0.5333,BFS
49,348,14.204,3,0,0.2959,BFS
10,30,6.0,2,0,0.6667,BFS
38,472,24.842,8,1,0.6714,ASTAR
17,46,5.412,9,1,0.3382,DFS
34,518,30.471,6,1,0.9234,ASTAR
30,300,20.0,2,0,0.6897,BFS
50,617,24.68,3,1,0.5037,HILL
41,751,36.634,5,0,0.9159,DFS
37,392,21.189,3,0,0.5886,BFS
39,724,37.128,6,1,0.9771,ASTAR
45,941,41.822,4,1,0.9505,ASTAR
10,22,4.4,8,1,0.4889,ASTAR
10,29,5.8,6,0,0.6444,ASTAR
42,54,2.571,10,1,0.0627,DFS
27,271,20.074,7,0,0.7721,DFS
26,165,12.692,1,0,0.5077,BFS
40,661,33.05,8,1,0.8474,ASTAR
44,869,39.5,2,0,0.9186,BFS
49,361,14.735,3,0,0.307,BFS
17,23,2.706,8,0,0.1691,DFS
44,327,14.864,4,0,0.3457,BFS
30,392,26.133,3,1,0.9011,ASTAR
35,460,26.286,1,0,0.7731,BFS
42,192,9.143,5,0,0.223,BFS
12,28,4.667,10,0,0.4242,DFS
36,212,11.778,1,1,0.3365,HILL
32,91,5.688,6,1,0.1835,ASTAR
15,86,11.467,8,0,0.819,DFS
15,37,4.933,2,0,0.3524,BFS
50,90,3.6,3,0,0.0735,BFS
33,267,16.182,2,0,0.5057,BFS
22,212,19.273,3,1,0.9177,ASTAR
28,118,8.429,5,0,0.3122,HILL
24,236,19.667,4,1,0.8551,ASTAR
21,95,9.048,5,1,0.4524,ASTAR
41,403,19.659,10,1,0.4915,ASTAR
43,502,23.349,3,0,0.5559,BFS
47,835,35.532,3,0,0.7724,BFS
37,391,21.135,5,0,0.5871,DFS
42,605,28.81,5,0,0.7027,DFS
23,88,7.652,4,1,0.3478,HILL
17,82,9.647,3,1,0.6029,ASTAR
47,707,30.085,6,1,0.654,ASTAR
12,31,5.167,2,1,0.4697,HILL
10,20,4.0,7,1,0.4444,ASTAR
16,38,4.75,6,1,0.3167,ASTAR
44,233,10.591,1,1,0.2463,HILL
39,645,33.077,10,1,0.8704,ASTAR
40,288,14.4,5,1,0.3692,ASTAR
40,733,36.65,7,1,0.9397,ASTAR
24,218,18.167,9,0,0.7899,DFS
27,321,23.778,7,0,0.9145,DFS
20,95,9.5,10,0,0.5,DFS
46,814,35.391,3,0,0.7865,BFS
13,23,3.538,5,0,0.2949,BFS
39,443,22.718,3,1,0.5978,ASTAR
19,69,7.263,3,1,0.4035,HILL
21,80,7.619,4,1,0.381,HILL
25,102,8.16,9,1,0.34,DFS
20,107,10.7,2,1,0.5632,ASTAR
35,251,14.343,8,1,0.4218,ASTAR
25,73,5.84,7,0,0.2433,DFS
18,119,13.222,6,1,0.7778,ASTAR
37,647,34.973,7,0,0.9715,DFS
47,101,4.298,4,0,0.0934,BFS
33,217,13.152,6,0,0.411,HILL
14,42,6.0,3,1,0.4615,HILL
23,99,8.609,7,0,0.3913,DFS
21,128,12.19,3,1,0.6095,ASTAR
40,74,3.7,5,1,0.0949,ASTAR
35,563,32.171,2,1,0.9462,ASTAR
32,382,23.875,2,1,0.7702,ASTAR
10,20,4.0,6,0,0.4444,HILL
39,49,2.513,8,1,0.0661,DFS
13,50,7.692,7,1,0.641,ASTAR
17,93,10.941,8,1,0.6838,ASTAR
31,462,29.806,9,1,0.9935,ASTAR
21,128,12.19,9,1,0.6095,ASTAR
15,33,4.4,1,1,0.3143,HILL
47,574,24.426,4,1,0.531,HILL
39,326,16.718,1,0,0.4399,BFS
39,413,21.179,1,1,0.5574,ASTAR
31,375,24.194,5,0,0.8065,DFS
21,95,9.048,6,1,0.4524,ASTAR
30,181,12.067,1,0,0.4161,BFS
12,45,7.5,7,0,0.6818,DFS
44,139,6.318,3,0,0.1469,BFS
37,317,17.135,6,1,0.476,ASTAR
25,292,23.36,10,1,0.9733,ASTAR
30,219,14.6,1,0,0.5034,BFS
50,256,10.24,7,0,0.209,DFS
50,667,26.68,7,1,0.5445,ASTAR
26,65,5.0,7,0,0.2,DFS
46,312,13.565,5,0,0.3014,BFS
33,325,19.697,8,0,0.6155,DFS
37,317,17.135,3,1,0.476,HILL
12,49,8.167,7,0,0.7424,DFS
27,28,2.074,7,0,0.0798,DFS
36,167,9.278,5,1,0.2651,ASTAR
50,700,28.0,2,0,0.5714,BFS
30,142,9.467,2,1,0.3264,HILL
48,990,41.25,10,1,0.8777,ASTAR
31,307,19.806,7,1,0.6602,ASTAR
10,31,6.2,6,1,0.6889,ASTAR
38,192,10.105,8,1,0.2731,DFS
20,118,11.8,5,1,0.6211,ASTAR
46,1035,45.0,2,1,1.0,ASTAR
32,73,4.562,4,1,0.1472,HILL
30,260,17.333,8,0,0.5977,DFS
47,387,16.468,10,1,0.358,ASTAR
36,58,3.222,5,1,0.0921,ASTAR
34,167,9.824,7,0,0.2977,DFS
23,76,6.609,2,1,0.3004,HILL
20,121,12.1,9,1,0.6368,ASTAR
23,129,11.217,10,1,0.5099,ASTAR
33,354,21.455,2,1,0.6705,ASTAR
44,444,20.182,4,1,0.4693,HILL
39,331,16.974,8,0,0.4467,DFS
21,122,11.619,5,0,0.581,ASTAR
39,709,36.359,3,0,0.9568,BFS
36,463,25.722,7,0,0.7349,DFS
49,507,20.694,3,0,0.4311,BFS
36,58,3.222,6,0,0.0921,BFS
50,1015,40.6,2,1,0.8286,ASTAR
48,844,35.167,9,0,0.7482,DFS
20,136,13.6,6,0,0.7158,DFS
30,96,6.4,5,0,0.2207,BFS
23,169,14.696,8,1,0.668,ASTAR
48,955,39.792,4,0,0.8466,BFS
42,697,33.19,2,1,0.8095,ASTAR
20,81,8.1,8,0,0.4263,DFS
12,54,9.0,7,1,0.8182,ASTAR
14,66,9.429,5,0,0.7253,BFS
38,529,27.842,1,1,0.7525,ASTAR
12,34,5.667,7,1,0.5152,ASTAR
17,29,3.412,3,1,0.2132,HILL
47,274,11.66,3,1,0.2535,HILL
31,102,6.581,4,1,0.2194,HILL
16,57,7.125,2,1,0.475,HILL
41,810,39.512,4,1,0.9878,ASTAR
38,375,19.737,8,1,0.5334,ASTAR
48,120,5.0,3,0,0.1064,BFS
11,24,4.364,6,1,0.4364,ASTAR
29,394,27.172,3,1,0.9704,ASTAR
38,338,17.789,3,0,0.4808,BFS
28,223,15.929,5,0,0.5899,DFS
47,666,28.34,3,0,0.6161,BFS
42,804,38.286,9,1,0.9338,ASTAR
20,107,10.7,3,1,0.5632,ASTAR
34,529,31.118,3,1,0.943,ASTAR
34,47,2.765,2,1,0.0838,HILL
23,79,6.87,3,1,0.3123,HILL
17,99,11.647,4,1,0.7279,ASTAR
46,979,42.565,1,0,0.9459,BFS
33,372,22.545,1,1,0.7045,ASTAR
31,289,18.645,2,1,0.6215,ASTAR
44,909,41.318,9,0,0.9609,DFS
13,69,10.615,10,0,0.8846,DFS
21,196,18.667,4,0,0.9333,BFS
39,219,11.231,1,1,0.2955,HILL
15,38,5.067,2,0,0.3619,BFS
13,38,5.846,4,0,0.4872,BFS
47,1023,43.532,8,0,0.9463,DFS
13,52,8.0,2,0,0.6667,BFS
38,122,6.421,8,0,0.1735,DFS
47,486,20.681,10,1,0.4496,ASTAR
10,37,7.4,2,1,0.8222,ASTAR
22,171,15.545,10,1,0.7403,ASTAR
26,233,17.923,10,1,0.7169,ASTAR
21,104,9.905,9,1,0.4952,ASTAR
29,163,11.241,9,0,0.4015,DFS
45,559,24.844,5,1,0.5646,ASTAR
21,144,13.714,1,1,0.6857,ASTAR
42,522,24.857,8,0,0.6063,DFS
37,347,18.757,2,1,0.521,HILL
44,885,40.227,3,0,0.9355,BFS
24,77,6.417,5,1,0.279,ASTAR
43,525,24.419,2,1,0.5814,ASTAR
23,168,14.609,3,1,0.664,ASTAR
35,209,11.943,3,0,0.3513,BFS
43,527,24.512,10,1,0.5836,ASTAR
27,143,10.593,5,1,0.4074,ASTAR
29,217,14.966,3,1,0.5345,HILL
32,455,28.438,6,1,0.9173,ASTAR
46,447,19.435,7,0,0.4319,DFS
35,90,5.143,7,1,0.1513,ASTAR
18,133,14.778,5,0,0.8693,DFS
23,191,16.609,5,1,0.7549,ASTAR
11,30,5.455,7,1,0.5455,ASTAR
45,800,35.556,4,0,0.8081,BFS
38,317,16.684,2,0,0.4509,BFS
30,399,26.6,8,1,0.9172,ASTAR
12,60,10.0,7,1,0.9091,ASTAR
48,815,33.958,1,0,0.7225,BFS
31,171,11.032,9,1,0.3677,ASTAR
28,83,5.929,8,0,0.2196,DFS
14,54,7.714,7,0,0.5934,DFS
47,658,28.0,10,0,0.6087,DFS
38,288,15.158,6,1,0.4097,ASTAR
28,38,2.714,3,0,0.1005,BFS
30,213,14.2,8,0,0.4897,DFS
39,271,13.897,8,1,0.3657,ASTAR
26,155,11.923,10,0,0.4769,DFS
36,472,26.222,7,1,0.7492,ASTAR
43,103,4.791,9,1,0.1141,DFS
37,68,3.676,9,1,0.1021,DFS
41,329,16.049,10,1,0.4012,ASTAR
14,85,12.143,2,0,0.9341,BFS
42,130,6.19,10,1,0.151,DFS
22,213,19.364,2,1,0.9221,ASTAR
39,500,25.641,3,1,0.6748,ASTAR
46,392,17.043,8,1,0.3787,ASTAR
35,334,19.086,1,1,0.5613,ASTAR
24,105,8.75,7,0,0.3804,DFS
24,172,14.333,6,1,0.6232,ASTAR
22,218,19.818,10,1,0.9437,ASTAR
46,201,8.739,4,0,0.1942,BFS
21,45,4.286,1,0,0.2143,BFS
44,399,18.136,2,1,0.4218,HILL
24,191,15.917,4,0,0.692,BFS
37,313,16.919,4,0,0.47,BFS
11,18,3.273,8,0,0.3273,DFS
34,59,3.471,8,0,0.1052,DFS
38,486,25.579,7,0,0.6913,DFS
34,160,9.412,2,0,0.2852,BFS
47,295,12.553,3,0,0.2729,BFS
41,798,38.927,10,1,0.9732,ASTAR
30,241,16.067,4,0,0.554,BFS
42,409,19.476,8,1,0.475,ASTAR
39,54,2.769,1,1,0.0729,HILL
35,136,7.771,6,1,0.2286,ASTAR
14,68,9.714,5,0,0.7473,BFS
34,515,30.294,1,1,0.918,ASTAR
30,52,3.467,3,0,0.1195,BFS
10,18,3.6,9,0,0.4,DFS
40,78,3.9,1,0,0.1,BFS
28,217,15.5,10,1,0.5741,ASTAR
36,211,11.722,3,0,0.3349,BFS
21,113,10.762,2,0,0.5381,BFS
23,100,8.696,7,1,0.3953,ASTAR
26,189,14.538,1,0,0.5815,BFS
40,74,3.7,3,1,0.0949,HILL
34,206,12.118,3,0,0.3672,BFS
24,46,3.833,7,0,0.1667,DFS
40,514,25.7,7,1,0.659,ASTAR
48,48,2.0,5,1,0.0426,ASTAR
26,90,6.923,6,1,0.2769,ASTAR
16,76,9.5,8,0,0.6333,DFS
42,173,8.238,3,0,0.2009,BFS
16,106,13.25,7,1,0.8833,ASTAR
16,46,5.75,4,1,0.3833,HILL
29,196,13.517,8,1,0.4828,ASTAR
18,100,11.111,7,1,0.6536,ASTAR
47,116,4.936,7,0,0.1073,DFS
21,23,2.19,3,0,0.1095,BFS
25,106,8.48,7,1,0.3533,ASTAR
40,534,26.7,6,0,0.6846,DFS
46,460,20.0,8,0,0.4444,DFS
26,304,23.385,8,0,0.9354,DFS
42,386,18.381,6,0,0.4483,DFS
41,602,29.366,8,0,0.7341,DFS
31,420,27.097,9,1,0.9032,ASTAR
33,250,15.152,1,0,0.4735,BFS
39,151,7.744,2,1,0.2038,HILL
32,188,11.75,8,1,0.379,ASTAR
15,78,10.4,3,1,0.7429,ASTAR
42,240,11.429,3,0,0.2787,BFS
22,208,18.909,6,0,0.9004,DFS
43,579,26.93,1,1,0.6412,ASTAR
43,212,9.86,6,0,0.2348,BFS
20,181,18.1,10,0,0.9526,DFS
19,156,16.421,10,1,0.9123,ASTAR
27,51,3.778,7,1,0.1453,ASTAR
43,473,22.0,8,1,0.5238,ASTAR
29,28,1.931,2,1,0.069,HILL
29,134,9.241,10,0,0.33,DFS
36,178,9.889,3,1,0.2825,HILL
25,224,17.92,3,1,0.7467,ASTAR
22,84,7.636,6,0,0.3636,ASTAR
18,119,13.222,2,0,0.7778,BFS
19,88,9.263,6,0,0.5146,ASTAR
43,147,6.837,10,1,0.1628,DFS
38,342,18.0,2,1,0.4865,HILL
31,169,10.903,1,1,0.3634,HILL
26,82,6.308,8,1,0.2523,DFS
41,816,39.805,5,0,0.9951,DFS
15,91,12.133,10,1,0.8667,ASTAR
41,758,36.976,7,1,0.9244,ASTAR
16,113,14.125,5,1,0.9417,ASTAR
50,1089,43.56,6,1,0.889,ASTAR
26,207,15.923,2,0,0.6369,BFS
41,288,14.049,10,1,0.3512,ASTAR
37,308,16.649,2,1,0.4625,HILL
46,429,18.652,10,1,0.4145,ASTAR
16,90,11.25,2,0,0.75,BFS
25,208,16.64,10,1,0.6933,ASTAR
12,33,5.5,8,1,0.5,ASTAR
43,80,3.721,7,1,0.0886,ASTAR
11,23,4.182,10,0,0.4182,DFS
31,80,5.161,5,1,0.172,ASTAR
39,297,15.231,6,1,0.4008,ASTAR
25,165,13.2,8,0,0.55,DFS
50,587,23.48,3,0,0.4792,BFS
45,707,31.422,6,1,0.7141,ASTAR
21,147,14.0,2,1,0.7,ASTAR
44,800,36.364,4,1,0.8457,ASTAR
16,107,13.375,2,1,0.8917,ASTAR
41,694,33.854,3,1,0.8463,ASTAR
41,399,19.463,6,1,0.4866,ASTAR
20,62,6.2,6,0,0.3263,ASTAR
42,758,36.095,9,1,0.8804,ASTAR
44,225,10.227,7,0,0.2378,DFS
15,105,14.0,10,1,1.0,ASTAR
19,105,11.053,9,1,0.614,ASTAR
34,139,8.176,5,0,0.2478,BFS
24,136,11.333,1,0,0.4928,BFS
27,39,2.889,8,0,0.1111,DFS
24,85,7.083,4,1,0.308,HILL
23,59,5.13,1,1,0.2332,HILL
11,49,8.909,8,1,0.8909,ASTAR
45,625,27.778,4,1,0.6313,ASTAR
43,636,29.581,7,1,0.7043,ASTAR
33,443,26.848,5,1,0.839,ASTAR
25,187,14.96,9,1,0.6233,ASTAR
18,99,11.0,4,0,0.6471,BFS
42,766,36.476,8,1,0.8897,ASTAR
48,513,21.375,6,0,0.4548,DFS
46,901,39.174,1,1,0.8705,ASTAR
41,645,31.463,7,0,0.7866,DFS
20,24,2.4,9,1,0.1263,DFS
13,56,8.615,8,0,0.7179,DFS
32,64,4.0,5,1,0.129,ASTAR
11,55,10.0,10,1,1.0,ASTAR
18,118,13.111,4,1,0.7712,ASTAR
29,197,13.586,4,1,0.4852,HILL
44,740,33.636,10,1,0.7822,ASTAR
49,156,6.367,6,0,0.1327,BFS
14,91,13.0,2,1,1.0,ASTAR
22,84,7.636,10,0,0.3636,DFS
11,51,9.273,8,0,0.9273,DFS
16,66,8.25,10,1,0.55,ASTAR
34,518,30.471,3,1,0.9234,ASTAR
29,209,14.414,3,1,0.5148,HILL
41,132,6.439,3,1,0.161,HILL
24,112,9.333,2,1,0.4058,HILL
16,82,10.25,5,0,0.6833,BFS
45,104,4.622,6,0,0.1051,BFS
43,54,2.512,1,1,0.0598,HILL
11,46,8.364,10,1,0.8364,ASTAR
21,68,6.476,10,1,0.3238,DFS
23,110,9.565,2,0,0.4348,BFS
46,226,9.826,8,0,0.2184,DFS
38,68,3.579,10,0,0.0967,DFS
17,119,14.0,5,1,0.875,ASTAR
21,171,16.286,9,0,0.8143,DFS
41,237,11.561,10,0,0.289,DFS
31,262,16.903,9,1,0.5634,ASTAR
17,101,11.882,9,0,0.7426,DFS
33,104,6.303,4,1,0.197,HILL
35,76,4.343,6,0,0.1277,BFS
40,714,35.7,10,0,0.9154,DFS
15,98,13.067,6,1,0.9333,ASTAR
22,93,8.455,6,0,0.4026,DFS
28,347,24.786,7,1,0.918,ASTAR
15,76,10.133,1,1,0.7238,ASTAR
45,539,23.956,10,1,0.5444,ASTAR
28,377,26.929,1,0,0.9974,BFS
15,53,7.067,10,0,0.5048,DFS
13,15,2.308,1,1,0.1923,HILL
32,306,19.125,1,1,0.6169,ASTAR
43,224,10.419,9,1,0.2481,DFS
12,24,4.0,2,1,0.3636,HILL
24,205,17.083,6,0,0.7428,HILL
23,168,14.609,10,0,0.664,DFS
34,243,14.294,2,1,0.4332,HILL
25,193,15.44,3,1,0.6433,ASTAR
33,501,30.364,7,0,0.9489,DFS
48,551,22.958,10,1,0.4885,ASTAR
37,620,33.514,5,0,0.9309,DFS
27,235,17.407,1,1,0.6695,ASTAR
34,317,18.647,4,1,0.5651,ASTAR
10,35,7.0,1,1,0.7778,ASTAR
24,41,3.417,2,0,0.1486,BFS
41,108,5.268,3,1,0.1317,HILL
26,228,17.538,5,1,0.7015,ASTAR
46,312,13.565,2,0,0.3014,BFS
22,43,3.909,9,1,0.1861,DFS
43,78,3.628,8,1,0.0864,DFS
24,32,2.667,7,0,0.1159,DFS
14,43,6.143,7,1,0.4725,ASTAR
19,131,13.789,10,0,0.7661,DFS
42,826,39.333,4,0,0.9593,BFS
12,47,7.833,1,0,0.7121,BFS
26,114,8.769,6,1,0.3508,ASTAR
13,62,9.538,7,0,0.7949,DFS
42,106,5.048,4,0,0.1231,BFS
31,366,23.613,8,0,0.7871,DFS
14,44,6.286,10,1,0.4835,ASTAR
19,158,16.632,6,0,0.924,BFS
36,565,31.389,9,0,0.8968,DFS
20,101,10.1,6,0,0.5316,BFS
24,24,2.0,7,0,0.087,DFS
34,155,9.118,4,0,0.2763,BFS
14,15,2.143,8,1,0.1648,DFS
49,840,34.286,8,0,0.7143,DFS
49,560,22.857,6,1,0.4762,ASTAR
19,134,14.105,9,1,0.7836,ASTAR
28,353,25.214,3,1,0.9339,ASTAR
20,113,11.3,1,1,0.5947,ASTAR
19,28,2.947,8,1,0.1637,DFS
44,915,41.591,4,1,0.9672,ASTAR
50,771,30.84,4,1,0.6294,ASTAR
36,506,28.111,8,1,0.8032,ASTAR
39,410,21.026,6,1,0.5533,ASTAR
18,152,16.889,4,0,0.9935,BFS
22,166,15.091,4,1,0.7186,ASTAR
45,927,41.2,7,1,0.9364,ASTAR
23,122,10.609,3,1,0.4822,HILL
38,344,18.105,10,1,0.4893,ASTAR
23,108,9.391,9,0,0.4269,DFS
43,484,22.512,3,1,0.536,HILL
23,120,10.435,10,0,0.4743,DFS
46,832,36.174,3,1,0.8039,ASTAR
22,59,5.364,7,1,0.2554,ASTAR
18,141,15.667,6,0,0.9216,BFS
15,16,2.133,1,0,0.1524,BFS
15,54,7.2,6,0,0.5143,DFS
29,61,4.207,6,1,0.1502,ASTAR
38,523,27.526,6,0,0.744,DFS
16,117,14.625,9,0,0.975,DFS
19,59,6.211,7,0,0.345,DFS
49,887,36.204,3,1,0.7543,ASTAR
27,153,11.333,2,0,0.4359,BFS
16,111,13.875,1,0,0.925,BFS
40,427,21.35,8,0,0.5474,DFS
47,788,33.532,8,0,0.729,DFS
11,41,7.455,10,1,0.7455,ASTAR
15,61,8.133,2,0,0.581,BFS
29,374,25.793,7,0,0.9212,DFS
22,183,16.636,6,1,0.7922,ASTAR
15,59,7.867,10,1,0.5619,ASTAR
47,901,38.34,3,1,0.8335,ASTAR
22,152,13.818,5,0,0.658,DFS
13,42,6.462,5,1,0.5385,ASTAR
37,381,20.595,1,1,0.5721,ASTAR
39,713,36.564,2,1,0.9622,ASTAR
18,19,2.111,10,0,0.1242,DFS
22,141,12.818,7,1,0.6104,ASTAR
27,218,16.148,6,1,0.6211,ASTAR
37,452,24.432,6,0,0.6787,DFS
26,307,23.615,4,1,0.9446,ASTAR
15,71,9.467,2,1,0.6762,ASTAR
17,18,2.118,3,0,0.1324,BFS
21,115,10.952,2,0,0.5476,BFS
25,68,5.44,2,0,0.2267,BFS
31,346,22.323,2,0,0.7441,BFS
39,684,35.077,6,0,0.9231,DFS
13,29,4.462,4,0,0.3718,BFS
15,14,1.867,7,0,0.1333,DFS
15,63,8.4,6,0,0.6,DFS
41,659,32.146,3,1,0.8037,ASTAR
47,171,7.277,8,0,0.1582,DFS
15,36,4.8,4,1,0.3429,HILL
44,632,28.727,4,0,0.6681,BFS
14,37,5.286,3,1,0.4066,HILL
24,64,5.333,7,1,0.2319,ASTAR
42,696,33.143,5,0,0.8084,DFS
32,407,25.438,4,0,0.8206,BFS
26,169,13.0,3,0,0.52,BFS
41,392,19.122,1,1,0.478,HILL
38,49,2.579,2,1,0.0697,HILL
33,389,23.576,10,0,0.7367,DFS
30,259,17.267,6,1,0.5954,ASTAR
29,278,19.172,6,0,0.6847,DFS
20,29,2.9,6,1,0.1526,ASTAR
39,370,18.974,7,1,0.4993,ASTAR
39,501,25.692,3,0,0.6761,BFS
34,462,27.176,1,0,0.8235,BFS
34,185,10.882,7,1,0.3298,ASTAR
21,58,5.524,10,0,0.2762,DFS
11,35,6.364,8,0,0.6364,DFS
22,26,2.364,8,1,0.1126,DFS
45,328,14.578,4,0,0.3313,BFS
41,483,23.561,7,0,0.589,DFS
13,57,8.769,2,0,0.7308,BFS
40,661,33.05,5,0,0.8474,DFS
41,261,12.732,7,1,0.3183,ASTAR
29,351,24.207,3,1,0.8645,ASTAR
49,926,37.796,10,0,0.7874,DFS
43,330,15.349,6,1,0.3654,ASTAR
18,111,12.333,10,1,0.7255,ASTAR
38,415,21.842,7,0,0.5903,DFS
30,381,25.4,4,1,0.8759,ASTAR
40,326,16.3,9,1,0.4179,ASTAR
31,387,24.968,4,0,0.8323,BFS
50,1221,48.84,4,0,0.9967,BFS
25,274,21.92,10,1,0.9133,ASTAR
30,290,19.333,2,1,0.6667,ASTAR
49,706,28.816,2,1,0.6003,ASTAR
27,60,4.444,8,1,0.1709,DFS
27,99,7.333,6,0,0.2821,BFS
24,185,15.417,1,1,0.6703,ASTAR
49,1036,42.286,9,0,0.881,DFS
30,277,18.467,6,0,0.6368,DFS
22,173,15.727,10,0,0.7489,DFS
13,36,5.538,9,1,0.4615,ASTAR
34,466,27.412,1,1,0.8307,ASTAR
19,93,9.789,1,0,0.5439,BFS
36,115,6.389,6,1,0.1825,ASTAR
19,132,13.895,7,0,0.7719,DFS
30,84,5.6,5,1,0.1931,ASTAR
48,975,40.625,5,0,0.8644,DFS
30,37,2.467,2,0,0.0851,BFS
45,532,23.644,6,0,0.5374,DFS
34,59,3.471,7,1,0.1052,ASTAR
30,342,22.8,1,1,0.7862,ASTAR
46,85,3.696,9,0,0.0821,DFS
18,144,16.0,2,0,0.9412,BFS
16,81,10.125,3,0,0.675,BFS
33,214,12.97,6,0,0.4053,BFS
41,450,21.951,9,0,0.5488,DFS
35,192,10.971,9,0,0.3227,DFS
38,199,10.474,2,1,0.2831,HILL
13,15,2.308,1,0,0.1923,BFS
12,25,4.167,4,0,0.3788,BFS
18,145,16.111,6,1,0.9477,ASTAR
50,859,34.36,1,1,0.7012,ASTAR
36,598,33.222,2,0,0.9492,BFS
12,24,4.0,4,1,0.3636,HILL
15,88,11.733,6,0,0.8381,DFS
44,50,2.273,10,1,0.0529,DFS
33,293,17.758,7,0,0.5549,DFS
